UserID,Age,Gender,Location,Profession,Demographics,Platform,Total Time Spent,Time Spent On Video,Number of Videos Watched,Scroll Rate,Frequency,ProductivityLoss,Satisfaction,Self Control,Addiction Level
1,56,Male,Pakistan,Engineer,Rural,Instagram,80,26,22,87,Night,3,7,5,5
2,46,Female,Mexico,Artist,Urban,Instagram,228,25,31,46,Afternoon,5,5,7,3
3,32,Female,United States,Engineer,Rural,Facebook,30,9,7,88,Evening,6,4,8,2
4,60,Male,Barzil,Waiting staff,Rural,YouTube,101,6,41,93,Night,3,7,5,5
5,25,Male,Pakistan,Manager,Urban,TikTok,136,13,21,4,Morning,8,2,10,0
6,38,Male,Vietnam,driver,Urban,Instagram,89,27,16,38,Night,3,7,5,5
7,56,Male,India,Students,Rural,TikTok,247,22,20,63,Morning,8,2,10,0
8,36,Male,Barzil,Engineer,Rural,Instagram,191,28,43,29,Night,3,7,5,5
9,40,Male,United States,Waiting staff,Rural,Instagram,34,20,44,19,Night,3,7,5,5
10,28,Other,United States,Students,Rural,YouTube,165,4,47,91,Evening,6,4,8,2
11,28,Male,Indonesia,Manager,Rural,Instagram,14,2,19,29,Afternoon,5,5,7,3
12,41,Other,Philippines,Labor/Worker,Urban,TikTok,129,26,48,35,Evening,6,4,8,2
13,53,Male,Japan,Waiting staff,Rural,Instagram,286,4,32,70,Afternoon,5,5,7,3
14,57,Male,Indonesia,Waiting staff,Rural,Facebook,27,8,15,23,Evening,6,4,8,2
15,41,Other,Vietnam,Cashier,Rural,YouTube,207,13,5,46,Evening,6,4,8,2
16,20,Female,Philippines,Students,Rural,YouTube,66,10,11,44,Evening,6,4,8,2
17,39,Female,Mexico,Waiting staff,Rural,Facebook,102,18,15,48,Afternoon,5,5,7,3
18,19,Female,Barzil,Students,Rural,Facebook,28,9,29,52,Evening,6,4,8,2
19,41,Other,Japan,Labor/Worker,Rural,Facebook,202,1,45,8,Evening,6,4,8,2
20,61,Male,United States,Labor/Worker,Urban,Instagram,246,13,4,55,Morning,8,2,10,0
21,47,Male,India,Waiting staff,Rural,YouTube,286,18,49,66,Afternoon,5,5,7,3
22,55,Male,Barzil,driver,Rural,Facebook,236,15,36,77,Afternoon,5,5,7,3
23,19,Female,Indonesia,Students,Rural,Instagram,242,2,48,40,Night,3,7,5,5
24,38,Female,India,Waiting staff,Urban,Facebook,49,11,23,85,Evening,6,4,8,2
25,50,Male,Germany,Waiting staff,Rural,TikTok,162,29,15,31,Evening,6,4,8,2
26,29,Male,Japan,Labor/Worker,Urban,TikTok,136,14,46,48,Afternoon,5,5,7,3
27,39,Male,Japan,Students,Rural,YouTube,246,22,44,61,Evening,6,4,8,2
28,61,Other,Vietnam,Manager,Urban,Instagram,64,15,3,52,Night,3,7,5,5
29,42,Female,India,Labor/Worker,Rural,TikTok,181,14,32,38,Evening,6,4,8,2
30,44,Male,India,driver,Urban,TikTok,118,16,10,91,Evening,6,4,8,2
31,59,Male,United States,driver,Rural,Instagram,193,23,40,36,Morning,8,2,10,0
32,45,Male,United States,Students,Rural,Facebook,207,29,38,87,Afternoon,5,5,7,3
33,33,Male,India,Labor/Worker,Rural,Instagram,96,15,22,55,Night,3,7,5,5
34,32,Other,Mexico,Waiting staff,Rural,Facebook,210,19,14,85,Evening,6,4,8,2
35,64,Female,Vietnam,Students,Rural,TikTok,284,27,17,13,Evening,6,4,8,2
36,61,Other,Mexico,Students,Urban,TikTok,220,9,21,37,Night,3,7,5,5
37,20,Male,United States,Labor/Worker,Rural,TikTok,127,5,48,47,Night,3,7,5,5
38,54,Male,Philippines,Students,Urban,YouTube,200,5,15,90,Afternoon,5,5,7,3
39,24,Male,Barzil,Cashier,Rural,YouTube,51,11,15,71,Night,3,7,5,5
40,38,Male,Germany,Students,Rural,YouTube,51,28,1,22,Afternoon,5,5,7,3
41,26,Male,Pakistan,Waiting staff,Urban,Instagram,285,20,24,39,Evening,6,4,8,2
42,56,Male,India,Students,Urban,TikTok,26,25,12,87,Evening,6,4,8,2
43,35,Other,Indonesia,Cashier,Rural,TikTok,292,24,10,58,Morning,8,2,10,0
44,21,Female,Pakistan,Waiting staff,Rural,Instagram,267,28,46,30,Night,3,7,5,5
45,42,Other,Philippines,Labor/Worker,Urban,YouTube,72,4,42,18,Evening,6,4,8,2
46,31,Female,Pakistan,Waiting staff,Rural,Instagram,71,20,42,18,Evening,6,4,8,2
47,26,Male,Vietnam,Labor/Worker,Rural,YouTube,109,18,31,74,Afternoon,5,5,7,3
48,43,Male,Japan,Students,Rural,TikTok,28,25,11,39,Night,3,7,5,5
49,19,Female,India,Students,Rural,Facebook,26,3,16,94,Evening,6,4,8,2
50,37,Male,United States,Students,Urban,YouTube,255,4,9,26,Afternoon,5,5,7,3
51,45,Female,United States,Waiting staff,Rural,TikTok,260,14,47,71,Afternoon,5,5,7,3
52,64,Other,Mexico,driver,Rural,TikTok,90,7,14,7,Evening,6,4,8,2
53,24,Male,Germany,Students,Rural,Facebook,48,26,19,69,Evening,6,4,8,2
54,61,Male,Vietnam,driver,Rural,TikTok,45,8,31,65,Afternoon,5,5,7,3
55,25,Other,India,Cashier,Rural,TikTok,206,24,9,46,Evening,6,4,8,2
56,64,Male,Japan,Manager,Rural,YouTube,167,16,36,18,Night,3,7,5,5
57,52,Male,Indonesia,Labor/Worker,Rural,YouTube,213,20,39,13,Afternoon,5,5,7,3
58,31,Male,United States,Waiting staff,Rural,Facebook,205,15,26,25,Afternoon,5,5,7,3
59,34,Male,Vietnam,Waiting staff,Rural,Facebook,225,7,8,8,Night,3,7,5,5
60,53,Male,Japan,driver,Urban,TikTok,294,26,24,74,Night,3,7,5,5
61,57,Female,Germany,driver,Rural,YouTube,205,17,8,32,Afternoon,5,5,7,3
62,21,Other,United States,Waiting staff,Urban,Facebook,161,22,19,17,Afternoon,5,5,7,3
63,19,Male,United States,Waiting staff,Rural,Facebook,23,22,47,79,Evening,6,4,8,2
64,23,Male,Vietnam,Students,Rural,Instagram,155,22,48,79,Evening,6,4,8,2
65,59,Male,United States,Teacher,Rural,Facebook,66,12,30,48,Afternoon,5,5,7,3
66,21,Other,India,Teacher,Rural,TikTok,220,18,22,63,Afternoon,5,5,7,3
67,46,Other,India,Cashier,Rural,YouTube,277,24,9,40,Evening,6,4,8,2
68,35,Male,Mexico,Students,Rural,Facebook,219,14,44,84,Evening,6,4,8,2
69,43,Male,Vietnam,Artist,Rural,Instagram,26,15,48,15,Night,3,7,5,5
70,61,Female,Mexico,Students,Rural,YouTube,295,15,4,99,Evening,6,4,8,2
71,51,Female,Vietnam,Students,Rural,Facebook,212,5,37,6,Afternoon,5,5,7,3
72,27,Male,Indonesia,Labor/Worker,Urban,Instagram,108,16,8,94,Night,3,7,5,5
73,53,Male,Vietnam,Engineer,Rural,Facebook,288,5,1,63,Evening,6,4,8,2
74,31,Female,Germany,Waiting staff,Urban,YouTube,218,2,28,8,Night,3,7,5,5
75,48,Other,Philippines,driver,Rural,YouTube,138,20,6,95,Night,3,7,5,5
76,32,Male,United States,Labor/Worker,Rural,YouTube,297,28,47,32,Night,3,7,5,5
77,25,Female,India,driver,Rural,TikTok,261,25,36,45,Night,3,7,5,5
78,31,Male,India,Labor/Worker,Rural,Facebook,274,9,11,52,Afternoon,5,5,7,3
79,40,Other,Japan,Labor/Worker,Rural,TikTok,280,22,5,79,Evening,6,4,8,2
80,57,Male,United States,driver,Rural,YouTube,197,27,24,82,Night,3,7,5,5
81,38,Male,United States,driver,Rural,Instagram,223,9,47,13,Evening,6,4,8,2
82,33,Male,Pakistan,Labor/Worker,Urban,Facebook,292,4,18,24,Afternoon,5,5,7,3
83,62,Male,Philippines,Students,Rural,TikTok,220,15,20,40,Evening,6,4,8,2
84,35,Male,India,Waiting staff,Urban,Facebook,85,11,28,14,Afternoon,5,5,7,3
85,64,Male,Barzil,Labor/Worker,Urban,Instagram,157,1,13,92,Night,3,7,5,5
86,41,Other,India,Waiting staff,Rural,TikTok,222,18,5,75,Night,3,7,5,5
87,43,Female,Indonesia,Engineer,Rural,YouTube,118,29,30,70,Night,3,7,5,5
88,42,Other,United States,Manager,Rural,TikTok,138,1,1,62,Night,3,7,5,5
89,62,Female,United States,Students,Rural,Facebook,19,8,22,89,Night,3,7,5,5
90,58,Female,Germany,Waiting staff,Rural,Facebook,56,25,18,61,Night,3,7,5,5
91,46,Male,United States,Waiting staff,Rural,Facebook,105,16,46,1,Afternoon,5,5,7,3
92,32,Male,India,Students,Rural,Facebook,112,26,5,89,Night,3,7,5,5
93,62,Female,India,Students,Rural,YouTube,155,28,31,66,Night,3,7,5,5
94,18,Male,India,driver,Rural,TikTok,36,22,6,32,Night,3,7,5,5
95,42,Other,Vietnam,Manager,Rural,YouTube,229,18,27,13,Evening,6,4,8,2
96,24,Other,Pakistan,Students,Rural,YouTube,27,22,25,33,Morning,8,2,10,0
97,26,Male,United States,Students,Urban,YouTube,176,9,29,32,Evening,6,4,8,2
98,41,Female,United States,Waiting staff,Urban,Facebook,91,12,28,56,Afternoon,5,5,7,3
99,18,Male,India,Engineer,Rural,Facebook,81,19,16,24,Night,3,7,5,5
100,61,Female,Mexico,Waiting staff,Urban,Facebook,263,25,12,91,Evening,6,4,8,2
101,25,Male,Germany,Engineer,Rural,TikTok,171,18,20,4,Afternoon,5,5,7,3
102,41,Male,Germany,Waiting staff,Rural,Instagram,47,27,18,88,Night,3,7,5,5
103,28,Male,India,Engineer,Urban,Facebook,210,5,34,23,Night,3,7,5,5
104,34,Female,Japan,Engineer,Rural,TikTok,209,27,23,29,Night,3,7,5,5
105,25,Female,India,driver,Urban,Facebook,264,2,45,98,Night,3,7,5,5
106,52,Male,Philippines,Labor/Worker,Rural,Facebook,188,7,27,21,Evening,6,4,8,2
107,52,Female,Japan,Labor/Worker,Urban,YouTube,44,27,49,30,Night,3,7,5,5
108,50,Male,Barzil,Waiting staff,Rural,YouTube,91,10,17,90,Night,3,7,5,5
109,22,Male,Mexico,Artist,Rural,YouTube,229,15,48,20,Evening,6,4,8,2
110,59,Male,Germany,Labor/Worker,Rural,TikTok,167,25,21,16,Night,3,7,5,5
111,56,Female,India,Waiting staff,Rural,Instagram,13,7,40,67,Night,3,7,5,5
112,58,Female,Barzil,Labor/Worker,Rural,Instagram,176,28,31,49,Evening,6,4,8,2
113,45,Female,Vietnam,Labor/Worker,Rural,TikTok,213,5,3,58,Evening,6,4,8,2
114,24,Male,Indonesia,Teacher,Rural,Facebook,203,15,17,44,Evening,6,4,8,2
115,26,Male,United States,Students,Rural,TikTok,244,20,26,25,Night,3,7,5,5
116,25,Male,Barzil,Students,Urban,Facebook,215,28,23,23,Night,3,7,5,5
117,29,Female,Philippines,Cashier,Rural,TikTok,159,20,6,59,Evening,6,4,8,2
118,51,Male,United States,driver,Rural,TikTok,168,15,28,1,Evening,6,4,8,2
119,50,Other,India,Labor/Worker,Rural,TikTok,288,10,8,97,Evening,6,4,8,2
120,40,Female,Pakistan,Engineer,Rural,Instagram,175,24,45,15,Night,3,7,5,5
121,41,Other,Vietnam,Labor/Worker,Rural,YouTube,77,26,8,81,Night,3,7,5,5
122,54,Other,Barzil,Labor/Worker,Rural,TikTok,97,29,19,98,Night,3,7,5,5
123,52,Female,Mexico,Artist,Urban,Instagram,226,26,38,81,Evening,6,4,8,2
124,61,Other,India,Waiting staff,Rural,YouTube,10,14,29,52,Evening,6,4,8,2
125,57,Male,United States,driver,Rural,YouTube,144,26,23,58,Night,3,7,5,5
126,39,Female,India,driver,Rural,TikTok,194,26,47,41,Evening,6,4,8,2
127,44,Female,Barzil,Cashier,Rural,Facebook,149,10,32,44,Night,3,7,5,5
128,52,Male,Mexico,Labor/Worker,Rural,Facebook,115,17,10,4,Night,3,7,5,5
129,18,Other,Philippines,Waiting staff,Rural,Facebook,142,21,27,77,Afternoon,5,5,7,3
130,52,Female,Indonesia,Students,Urban,TikTok,117,14,49,68,Evening,6,4,8,2
131,54,Male,United States,driver,Urban,Facebook,187,2,1,7,Evening,6,4,8,2
132,64,Male,Indonesia,Artist,Rural,Instagram,155,16,39,46,Night,3,7,5,5
133,31,Female,India,Waiting staff,Rural,Instagram,83,13,29,9,Night,3,7,5,5
134,20,Male,India,Students,Rural,Instagram,117,27,45,87,Afternoon,5,5,7,3
135,18,Female,Barzil,driver,Rural,Instagram,131,9,3,33,Afternoon,5,5,7,3
136,22,Female,Barzil,Manager,Rural,YouTube,26,7,47,33,Evening,6,4,8,2
137,43,Female,Pakistan,Cashier,Rural,Instagram,205,16,37,84,Night,3,7,5,5
138,31,Female,Germany,Labor/Worker,Rural,Facebook,261,10,31,4,Night,3,7,5,5
139,56,Male,Pakistan,Students,Rural,TikTok,128,24,11,65,Morning,8,2,10,0
140,44,Male,India,Students,Rural,Facebook,171,22,22,34,Afternoon,5,5,7,3
141,26,Female,India,Students,Rural,Instagram,207,9,18,91,Afternoon,5,5,7,3
142,32,Male,India,Engineer,Urban,YouTube,54,22,35,85,Evening,6,4,8,2
143,32,Female,Pakistan,Engineer,Rural,Instagram,188,23,6,88,Evening,6,4,8,2
144,43,Female,Mexico,Engineer,Urban,TikTok,53,7,3,79,Night,3,7,5,5
145,59,Male,Mexico,Waiting staff,Rural,Facebook,280,16,5,99,Morning,8,2,10,0
146,30,Other,India,Engineer,Rural,TikTok,87,9,9,64,Evening,6,4,8,2
147,49,Male,Vietnam,Waiting staff,Rural,TikTok,187,27,28,25,Night,3,7,5,5
148,56,Male,Germany,Labor/Worker,Urban,TikTok,12,24,19,55,Morning,8,2,10,0
149,49,Other,Mexico,Engineer,Rural,Facebook,223,29,28,9,Evening,6,4,8,2
150,21,Male,Japan,Cashier,Rural,Instagram,83,17,27,17,Evening,6,4,8,2
151,47,Other,United States,Artist,Urban,TikTok,60,20,13,21,Afternoon,5,5,7,3
152,54,Male,India,driver,Rural,Facebook,76,7,38,60,Night,3,7,5,5
153,40,Male,India,Students,Rural,YouTube,102,11,43,13,Evening,6,4,8,2
154,56,Other,India,Waiting staff,Urban,Facebook,185,8,21,3,Afternoon,5,5,7,3
155,62,Male,United States,Students,Urban,YouTube,154,7,27,68,Night,3,7,5,5
156,32,Male,United States,Students,Urban,Facebook,16,28,46,4,Afternoon,5,5,7,3
157,60,Female,Japan,Students,Rural,Instagram,278,19,6,92,Night,3,7,5,5
158,46,Other,Pakistan,driver,Rural,TikTok,13,20,38,7,Night,3,7,5,5
159,53,Female,Vietnam,Manager,Rural,Instagram,147,12,49,26,Evening,6,4,8,2
160,30,Other,India,Students,Rural,Facebook,240,7,11,75,Evening,6,4,8,2
161,49,Male,India,Waiting staff,Rural,TikTok,97,8,47,24,Afternoon,5,5,7,3
162,24,Male,Indonesia,Labor/Worker,Urban,YouTube,26,7,41,10,Afternoon,5,5,7,3
163,39,Other,Japan,Students,Rural,Facebook,61,6,17,13,Night,3,7,5,5
164,45,Male,India,Manager,Rural,TikTok,143,25,39,44,Evening,6,4,8,2
165,19,Male,Japan,Cashier,Urban,YouTube,220,9,7,39,Evening,6,4,8,2
166,59,Male,Japan,Engineer,Urban,YouTube,228,27,30,19,Afternoon,5,5,7,3
167,62,Male,Philippines,Labor/Worker,Rural,Instagram,214,13,21,51,Evening,6,4,8,2
168,23,Male,Japan,Students,Urban,Facebook,220,7,1,19,Evening,6,4,8,2
169,45,Female,United States,Waiting staff,Rural,YouTube,286,8,25,76,Afternoon,5,5,7,3
170,45,Female,Philippines,Labor/Worker,Rural,TikTok,33,22,32,52,Afternoon,5,5,7,3
171,61,Male,Japan,driver,Rural,YouTube,13,17,8,86,Afternoon,5,5,7,3
172,61,Male,Germany,Students,Rural,YouTube,161,17,5,47,Night,3,7,5,5
173,37,Female,United States,Cashier,Rural,Instagram,268,16,30,30,Night,3,7,5,5
174,47,Male,India,Cashier,Rural,Instagram,177,22,8,46,Evening,6,4,8,2
175,28,Male,Philippines,Students,Urban,TikTok,185,2,49,76,Night,3,7,5,5
176,45,Female,Indonesia,Teacher,Urban,Instagram,65,8,19,93,Evening,6,4,8,2
177,42,Male,United States,Waiting staff,Rural,YouTube,117,17,44,21,Morning,8,2,10,0
178,56,Female,Indonesia,Labor/Worker,Rural,YouTube,150,13,30,75,Evening,6,4,8,2
179,50,Male,India,driver,Urban,Instagram,164,18,15,48,Afternoon,5,5,7,3
180,18,Other,Indonesia,Waiting staff,Urban,YouTube,271,24,36,62,Afternoon,5,5,7,3
181,44,Female,India,Engineer,Rural,YouTube,282,28,44,58,Evening,6,4,8,2
182,30,Female,India,driver,Rural,TikTok,241,22,27,18,Evening,6,4,8,2
183,58,Male,Philippines,Labor/Worker,Rural,Instagram,250,28,13,59,Evening,6,4,8,2
184,20,Female,Japan,Cashier,Rural,YouTube,267,10,14,91,Evening,6,4,8,2
185,56,Male,Barzil,Labor/Worker,Rural,Instagram,258,2,37,48,Night,3,7,5,5
186,23,Male,India,Labor/Worker,Urban,TikTok,86,2,48,63,Evening,6,4,8,2
187,25,Male,Philippines,Artist,Rural,Instagram,189,27,30,12,Afternoon,5,5,7,3
188,44,Male,Germany,Waiting staff,Urban,YouTube,75,14,39,87,Morning,8,2,10,0
189,26,Female,India,driver,Rural,Instagram,180,16,47,34,Morning,8,2,10,0
190,54,Male,Mexico,Teacher,Rural,YouTube,31,7,13,61,Morning,8,2,10,0
191,50,Male,Indonesia,Engineer,Rural,YouTube,116,21,16,87,Evening,6,4,8,2
192,59,Other,Barzil,driver,Rural,YouTube,236,21,44,53,Evening,6,4,8,2
193,61,Male,Japan,Waiting staff,Urban,TikTok,225,24,7,25,Evening,6,4,8,2
194,41,Female,United States,Labor/Worker,Rural,Instagram,78,12,48,62,Afternoon,5,5,7,3
195,32,Other,India,Teacher,Urban,TikTok,93,28,27,4,Evening,6,4,8,2
196,49,Male,Vietnam,Waiting staff,Rural,Instagram,112,23,45,94,Evening,6,4,8,2
197,49,Male,Pakistan,Waiting staff,Rural,TikTok,48,28,35,94,Evening,6,4,8,2
198,41,Male,Barzil,Manager,Urban,Facebook,22,14,15,13,Night,3,7,5,5
199,58,Male,United States,Artist,Rural,YouTube,190,25,28,42,Morning,8,2,10,0
200,29,Male,India,Students,Rural,YouTube,277,4,35,49,Evening,6,4,8,2
201,56,Other,Vietnam,Labor/Worker,Rural,TikTok,22,26,7,78,Evening,6,4,8,2
202,19,Female,Philippines,driver,Rural,Facebook,129,4,46,56,Morning,8,2,10,0
203,20,Female,Japan,Labor/Worker,Rural,YouTube,66,18,46,47,Evening,6,4,8,2
204,54,Female,India,Artist,Rural,Instagram,49,3,20,8,Night,3,7,5,5
205,34,Male,India,Students,Rural,TikTok,137,1,32,55,Night,3,7,5,5
206,19,Male,India,Engineer,Urban,YouTube,182,17,38,88,Evening,6,4,8,2
207,19,Male,India,Waiting staff,Rural,YouTube,44,7,40,18,Night,3,7,5,5
208,45,Female,Vietnam,Waiting staff,Rural,TikTok,268,16,32,35,Evening,6,4,8,2
209,40,Male,Indonesia,driver,Rural,TikTok,14,5,26,89,Night,3,7,5,5
210,54,Male,Pakistan,driver,Rural,Instagram,227,19,39,81,Evening,6,4,8,2
211,49,Female,Germany,Students,Rural,Instagram,20,7,20,32,Evening,6,4,8,2
212,50,Other,India,Manager,Rural,YouTube,126,14,18,24,Afternoon,5,5,7,3
213,18,Other,Mexico,Waiting staff,Urban,YouTube,193,2,15,7,Evening,6,4,8,2
214,36,Female,Pakistan,Labor/Worker,Rural,TikTok,125,3,22,13,Evening,6,4,8,2
215,19,Male,India,Students,Rural,YouTube,171,17,22,91,Evening,6,4,8,2
216,61,Male,Japan,Artist,Rural,YouTube,76,16,21,69,Night,3,7,5,5
217,43,Male,India,Engineer,Rural,TikTok,209,8,2,90,Evening,6,4,8,2
218,49,Male,United States,Waiting staff,Urban,YouTube,40,18,40,42,Morning,8,2,10,0
219,23,Other,Pakistan,Manager,Rural,YouTube,84,15,43,31,Night,3,7,5,5
220,49,Male,Mexico,Manager,Rural,Facebook,246,7,18,74,Night,3,7,5,5
221,21,Male,India,Students,Urban,Instagram,75,27,23,26,Night,3,7,5,5
222,28,Male,Indonesia,Students,Rural,TikTok,79,9,13,86,Evening,6,4,8,2
223,34,Other,Vietnam,Waiting staff,Rural,Facebook,29,6,41,76,Afternoon,5,5,7,3
224,55,Other,United States,Students,Rural,Instagram,235,18,9,32,Evening,6,4,8,2
225,41,Male,Philippines,Labor/Worker,Rural,Instagram,208,18,49,91,Evening,6,4,8,2
226,22,Male,Pakistan,Manager,Rural,Instagram,48,25,7,97,Evening,6,4,8,2
227,51,Male,Japan,Engineer,Rural,Facebook,154,26,41,52,Night,3,7,5,5
228,23,Male,Vietnam,Engineer,Rural,Facebook,54,24,1,20,Night,3,7,5,5
229,39,Other,United States,Manager,Rural,Instagram,100,14,2,40,Evening,6,4,8,2
230,28,Male,India,Labor/Worker,Rural,YouTube,247,14,4,59,Night,3,7,5,5
231,33,Female,United States,Students,Rural,YouTube,79,14,14,77,Night,3,7,5,5
232,50,Male,Vietnam,Cashier,Rural,Facebook,175,25,32,14,Night,3,7,5,5
233,26,Other,United States,Students,Urban,Facebook,139,4,36,44,Night,3,7,5,5
234,23,Male,Germany,Waiting staff,Urban,Facebook,223,4,2,86,Afternoon,5,5,7,3
235,33,Female,Barzil,driver,Urban,Instagram,98,15,40,82,Evening,6,4,8,2
236,46,Female,Indonesia,Students,Urban,YouTube,261,15,14,48,Evening,6,4,8,2
237,20,Other,India,Teacher,Rural,Facebook,81,18,20,93,Morning,8,2,10,0
238,37,Female,Vietnam,Artist,Rural,Facebook,174,14,25,43,Night,3,7,5,5
239,53,Male,Germany,Students,Rural,TikTok,58,26,42,16,Evening,6,4,8,2
240,36,Female,Germany,Waiting staff,Rural,Instagram,61,1,49,35,Afternoon,5,5,7,3
241,43,Other,Philippines,Waiting staff,Rural,TikTok,298,10,8,53,Afternoon,5,5,7,3
242,20,Other,United States,Cashier,Rural,YouTube,287,29,28,34,Evening,6,4,8,2
243,36,Male,Barzil,driver,Rural,TikTok,123,20,46,3,Night,3,7,5,5
244,37,Female,Germany,driver,Rural,TikTok,248,10,21,68,Night,3,7,5,5
245,49,Male,Barzil,Waiting staff,Urban,TikTok,142,10,23,5,Evening,6,4,8,2
246,24,Male,United States,driver,Rural,Instagram,283,27,32,10,Night,3,7,5,5
247,58,Male,Vietnam,Students,Rural,YouTube,175,24,8,52,Morning,8,2,10,0
248,50,Female,Japan,Students,Rural,TikTok,252,2,31,29,Evening,6,4,8,2
249,57,Female,United States,Students,Rural,Instagram,147,29,37,96,Afternoon,5,5,7,3
250,56,Male,Germany,Labor/Worker,Rural,YouTube,88,28,16,31,Afternoon,5,5,7,3
251,35,Other,India,Waiting staff,Urban,Facebook,179,27,40,66,Afternoon,5,5,7,3
252,57,Female,United States,driver,Rural,TikTok,132,8,42,76,Night,3,7,5,5
253,18,Female,United States,Engineer,Rural,YouTube,185,1,27,91,Evening,6,4,8,2
254,28,Male,Philippines,driver,Urban,TikTok,91,1,40,69,Afternoon,5,5,7,3
255,45,Female,Indonesia,Waiting staff,Rural,Facebook,96,4,41,37,Afternoon,5,5,7,3
256,42,Female,India,Labor/Worker,Rural,YouTube,234,7,18,27,Afternoon,5,5,7,3
257,40,Male,India,Engineer,Rural,Instagram,25,9,35,87,Night,3,7,5,5
258,48,Male,Philippines,Engineer,Rural,YouTube,172,16,49,33,Evening,6,4,8,2
259,47,Male,United States,Labor/Worker,Rural,Instagram,107,5,15,68,Evening,6,4,8,2
260,59,Male,United States,Waiting staff,Urban,YouTube,165,2,27,59,Evening,6,4,8,2
261,52,Male,United States,Artist,Rural,Instagram,11,28,17,64,Evening,6,4,8,2
262,24,Male,Germany,Students,Rural,Facebook,178,23,40,85,Morning,8,2,10,0
263,33,Other,Philippines,driver,Rural,Facebook,101,11,2,88,Evening,6,4,8,2
264,43,Male,Vietnam,Labor/Worker,Rural,Facebook,190,18,49,44,Morning,8,2,10,0
265,19,Male,India,Students,Urban,YouTube,240,25,31,95,Night,3,7,5,5
266,18,Male,Mexico,driver,Rural,Facebook,157,25,37,88,Afternoon,5,5,7,3
267,29,Male,Pakistan,driver,Rural,TikTok,289,19,41,49,Evening,6,4,8,2
268,22,Male,United States,Artist,Urban,Facebook,198,13,41,53,Night,3,7,5,5
269,54,Female,India,Waiting staff,Urban,Instagram,137,24,34,74,Night,3,7,5,5
270,49,Female,India,driver,Rural,Instagram,16,11,34,49,Evening,6,4,8,2
271,26,Male,India,Labor/Worker,Rural,Instagram,56,20,3,66,Afternoon,5,5,7,3
272,58,Other,Philippines,driver,Rural,YouTube,62,19,17,95,Afternoon,5,5,7,3
273,52,Other,United States,Waiting staff,Rural,TikTok,196,17,14,63,Evening,6,4,8,2
274,36,Male,Pakistan,Waiting staff,Rural,Facebook,47,5,14,25,Evening,6,4,8,2
275,33,Female,Japan,Labor/Worker,Rural,TikTok,235,13,46,4,Evening,6,4,8,2
276,20,Female,Germany,driver,Rural,TikTok,62,27,38,51,Night,3,7,5,5
277,37,Male,Barzil,Engineer,Rural,Instagram,233,20,35,11,Night,3,7,5,5
278,41,Other,Vietnam,Labor/Worker,Rural,Instagram,163,1,1,17,Afternoon,5,5,7,3
279,50,Male,Pakistan,Teacher,Rural,Instagram,57,10,48,66,Night,3,7,5,5
280,41,Other,Barzil,Cashier,Rural,YouTube,156,8,29,70,Evening,6,4,8,2
281,28,Female,Philippines,Waiting staff,Rural,TikTok,73,24,4,73,Morning,8,2,10,0
282,25,Female,Barzil,Students,Rural,TikTok,191,29,33,69,Evening,6,4,8,2
283,53,Male,Mexico,Teacher,Rural,YouTube,134,8,17,84,Evening,6,4,8,2
284,55,Male,India,Labor/Worker,Rural,YouTube,188,19,28,29,Evening,6,4,8,2
285,57,Male,Pakistan,Students,Urban,YouTube,48,6,26,85,Afternoon,5,5,7,3
286,37,Male,Philippines,Waiting staff,Rural,TikTok,269,12,8,73,Evening,6,4,8,2
287,52,Male,Pakistan,Students,Rural,TikTok,12,28,34,92,Evening,6,4,8,2
288,42,Female,Mexico,Waiting staff,Rural,Instagram,73,7,18,72,Night,3,7,5,5
289,52,Male,United States,Students,Rural,Instagram,38,16,31,95,Night,3,7,5,5
290,42,Female,United States,Labor/Worker,Urban,TikTok,20,9,27,20,Afternoon,5,5,7,3
291,46,Female,United States,Teacher,Rural,Instagram,106,21,16,27,Evening,6,4,8,2
292,35,Female,Indonesia,Labor/Worker,Urban,YouTube,212,25,10,8,Night,3,7,5,5
293,63,Male,Barzil,Waiting staff,Urban,Facebook,30,22,40,85,Evening,6,4,8,2
294,35,Male,Indonesia,Students,Rural,Instagram,48,10,12,61,Evening,6,4,8,2
295,19,Female,India,Waiting staff,Rural,TikTok,232,10,22,28,Afternoon,5,5,7,3
296,52,Male,Vietnam,Labor/Worker,Rural,Instagram,111,10,16,87,Afternoon,5,5,7,3
297,33,Female,Mexico,Engineer,Rural,Instagram,55,20,12,70,Night,3,7,5,5
298,58,Female,Philippines,Engineer,Rural,Instagram,75,29,11,3,Evening,6,4,8,2
299,53,Male,Pakistan,Waiting staff,Rural,Facebook,100,16,20,69,Morning,8,2,10,0
300,50,Female,Germany,Students,Rural,YouTube,173,1,1,73,Afternoon,5,5,7,3
301,21,Female,Philippines,Waiting staff,Rural,TikTok,120,17,27,7,Afternoon,5,5,7,3
302,50,Male,Barzil,Engineer,Urban,Facebook,132,26,3,60,Afternoon,5,5,7,3
303,31,Male,Indonesia,Cashier,Rural,TikTok,202,21,12,4,Afternoon,5,5,7,3
304,38,Other,Indonesia,Waiting staff,Rural,TikTok,108,29,30,5,Evening,6,4,8,2
305,37,Other,United States,Artist,Rural,TikTok,168,14,9,11,Evening,6,4,8,2
306,25,Male,Indonesia,Waiting staff,Rural,Facebook,112,19,37,15,Night,3,7,5,5
307,24,Female,Vietnam,driver,Rural,YouTube,290,21,1,64,Evening,6,4,8,2
308,20,Male,Japan,Students,Rural,TikTok,52,21,42,98,Morning,8,2,10,0
309,34,Female,Pakistan,Engineer,Rural,YouTube,93,17,49,13,Afternoon,5,5,7,3
310,50,Male,Japan,Manager,Rural,YouTube,200,14,4,7,Morning,8,2,10,0
311,29,Female,Pakistan,driver,Rural,Instagram,60,8,15,6,Night,3,7,5,5
312,39,Female,Mexico,Manager,Rural,Facebook,219,21,27,56,Night,3,7,5,5
313,39,Other,Pakistan,Students,Urban,Facebook,135,21,8,64,Night,3,7,5,5
314,63,Female,Japan,Waiting staff,Rural,Instagram,78,9,23,50,Evening,6,4,8,2
315,47,Male,Philippines,Engineer,Rural,Instagram,274,8,15,30,Night,3,7,5,5
316,55,Female,Pakistan,Teacher,Rural,YouTube,267,13,27,22,Night,3,7,5,5
317,55,Other,Mexico,driver,Rural,TikTok,197,17,31,25,Afternoon,5,5,7,3
318,62,Male,Mexico,Students,Rural,Facebook,239,19,39,28,Night,3,7,5,5
319,25,Other,India,Waiting staff,Rural,TikTok,198,28,47,84,Afternoon,5,5,7,3
320,44,Male,Pakistan,driver,Urban,TikTok,19,7,8,39,Afternoon,5,5,7,3
321,44,Female,Germany,Students,Rural,Instagram,123,17,30,67,Morning,8,2,10,0
322,51,Male,United States,Engineer,Rural,TikTok,85,1,42,5,Afternoon,5,5,7,3
323,38,Male,United States,Artist,Urban,YouTube,173,5,18,65,Evening,6,4,8,2
324,47,Other,India,driver,Urban,Instagram,94,25,4,15,Evening,6,4,8,2
325,50,Male,Mexico,Manager,Urban,TikTok,58,6,47,90,Afternoon,5,5,7,3
326,45,Female,India,Manager,Urban,Instagram,186,26,43,67,Night,3,7,5,5
327,64,Male,United States,Students,Rural,YouTube,227,2,22,40,Night,3,7,5,5
328,50,Male,Vietnam,Manager,Rural,YouTube,198,27,3,98,Afternoon,5,5,7,3
329,22,Male,Barzil,Students,Rural,TikTok,239,25,15,69,Night,3,7,5,5
330,36,Other,Pakistan,Students,Rural,Instagram,264,16,35,95,Afternoon,5,5,7,3
331,21,Other,Japan,driver,Rural,TikTok,245,22,47,77,Afternoon,5,5,7,3
332,52,Male,India,Waiting staff,Rural,TikTok,35,5,38,43,Afternoon,5,5,7,3
333,34,Other,India,Students,Rural,Instagram,81,5,33,1,Afternoon,5,5,7,3
334,61,Female,United States,Waiting staff,Rural,TikTok,270,12,14,22,Evening,6,4,8,2
335,45,Female,Pakistan,driver,Rural,YouTube,263,3,48,62,Night,3,7,5,5
336,47,Female,India,Teacher,Rural,Instagram,280,16,1,79,Afternoon,5,5,7,3
337,46,Male,Barzil,Students,Urban,Instagram,132,6,49,26,Night,3,7,5,5
338,63,Male,India,Labor/Worker,Rural,Instagram,153,15,26,18,Evening,6,4,8,2
339,23,Female,United States,Students,Rural,Instagram,266,15,8,48,Night,3,7,5,5
340,52,Male,India,Labor/Worker,Rural,TikTok,153,29,16,9,Evening,6,4,8,2
341,58,Male,India,Engineer,Rural,TikTok,268,16,38,1,Morning,8,2,10,0
342,54,Other,Vietnam,Students,Urban,YouTube,56,20,10,9,Morning,8,2,10,0
343,41,Female,India,Cashier,Urban,Facebook,22,13,42,23,Morning,8,2,10,0
344,46,Male,India,driver,Urban,Facebook,217,12,37,45,Evening,6,4,8,2
345,63,Female,Barzil,Labor/Worker,Rural,YouTube,244,10,26,2,Evening,6,4,8,2
346,48,Female,United States,Engineer,Rural,Facebook,158,14,28,14,Night,3,7,5,5
347,52,Male,India,Students,Rural,YouTube,164,2,12,38,Evening,6,4,8,2
348,50,Other,Indonesia,Waiting staff,Urban,TikTok,175,29,20,40,Evening,6,4,8,2
349,38,Female,United States,Engineer,Rural,Instagram,99,3,49,63,Morning,8,2,10,0
350,49,Male,India,Labor/Worker,Rural,Instagram,195,9,14,82,Night,3,7,5,5
351,40,Male,Vietnam,driver,Rural,TikTok,183,11,46,16,Morning,8,2,10,0
352,50,Male,Barzil,Students,Rural,Instagram,226,11,35,93,Evening,6,4,8,2
353,20,Other,Germany,Manager,Rural,Instagram,273,25,29,75,Afternoon,5,5,7,3
354,35,Female,Pakistan,Waiting staff,Rural,Facebook,106,22,12,6,Night,3,7,5,5
355,42,Female,Japan,Teacher,Rural,TikTok,126,10,18,3,Night,3,7,5,5
356,59,Male,Philippines,Labor/Worker,Rural,Facebook,208,26,44,14,Night,3,7,5,5
357,48,Female,Philippines,Labor/Worker,Rural,Facebook,30,14,2,66,Evening,6,4,8,2
358,20,Other,Japan,Waiting staff,Rural,Instagram,209,9,2,96,Morning,8,2,10,0
359,57,Male,Japan,Labor/Worker,Rural,Instagram,257,20,17,95,Night,3,7,5,5
360,63,Male,India,Waiting staff,Rural,TikTok,285,27,10,75,Evening,6,4,8,2
361,41,Male,India,Students,Rural,Instagram,273,21,18,86,Evening,6,4,8,2
362,49,Other,Barzil,Students,Rural,Instagram,67,10,22,67,Afternoon,5,5,7,3
363,64,Male,United States,Cashier,Rural,TikTok,40,22,19,31,Evening,6,4,8,2
364,39,Female,India,Teacher,Urban,Instagram,258,29,1,33,Morning,8,2,10,0
365,40,Female,India,Engineer,Urban,Facebook,102,9,24,88,Evening,6,4,8,2
366,19,Male,Pakistan,Cashier,Urban,TikTok,274,29,36,1,Afternoon,5,5,7,3
367,44,Male,Indonesia,Students,Urban,Instagram,280,5,25,44,Night,3,7,5,5
368,59,Male,Philippines,Students,Rural,YouTube,103,8,36,15,Night,3,7,5,5
369,19,Female,Barzil,Students,Urban,TikTok,163,11,31,37,Night,3,7,5,5
370,43,Male,Japan,Labor/Worker,Rural,TikTok,294,1,31,27,Evening,6,4,8,2
371,34,Male,India,driver,Rural,YouTube,89,21,2,48,Evening,6,4,8,2
372,57,Female,Germany,Labor/Worker,Rural,Instagram,93,10,19,27,Afternoon,5,5,7,3
373,50,Male,Barzil,Students,Urban,Instagram,46,1,12,12,Evening,6,4,8,2
374,26,Female,Mexico,Waiting staff,Urban,TikTok,241,26,10,67,Morning,8,2,10,0
375,60,Other,Vietnam,Teacher,Urban,TikTok,102,22,31,30,Night,3,7,5,5
376,56,Female,India,Waiting staff,Rural,Instagram,111,7,45,96,Morning,8,2,10,0
377,46,Other,United States,Labor/Worker,Rural,Instagram,175,28,22,87,Afternoon,5,5,7,3
378,59,Female,Pakistan,Students,Urban,Facebook,168,14,23,66,Night,3,7,5,5
379,43,Female,Indonesia,driver,Rural,TikTok,23,5,23,7,Morning,8,2,10,0
380,52,Other,Pakistan,Waiting staff,Urban,TikTok,234,17,15,34,Afternoon,5,5,7,3
381,42,Male,Barzil,Students,Rural,YouTube,82,22,26,32,Evening,6,4,8,2
382,41,Male,Philippines,Labor/Worker,Urban,Facebook,258,26,3,39,Evening,6,4,8,2
383,30,Male,United States,Labor/Worker,Rural,Instagram,100,21,23,96,Evening,6,4,8,2
384,24,Male,Mexico,Students,Urban,Facebook,225,6,20,43,Afternoon,5,5,7,3
385,53,Female,United States,Students,Rural,Instagram,99,16,45,43,Afternoon,5,5,7,3
386,62,Male,India,Students,Urban,Instagram,38,11,40,78,Evening,6,4,8,2
387,37,Female,United States,driver,Rural,Facebook,229,10,39,3,Night,3,7,5,5
388,18,Male,India,Students,Rural,TikTok,224,15,8,46,Night,3,7,5,5
389,25,Male,Japan,Manager,Urban,Instagram,230,7,18,32,Night,3,7,5,5
390,63,Male,Mexico,Labor/Worker,Rural,Facebook,51,23,41,43,Night,3,7,5,5
391,33,Male,India,Labor/Worker,Rural,YouTube,144,2,6,81,Evening,6,4,8,2
392,31,Female,Germany,Labor/Worker,Urban,Facebook,51,12,27,3,Evening,6,4,8,2
393,29,Male,Indonesia,Labor/Worker,Urban,YouTube,173,19,36,74,Night,3,7,5,5
394,40,Male,Japan,Students,Rural,Instagram,292,12,15,63,Evening,6,4,8,2
395,32,Male,Barzil,Manager,Rural,Facebook,67,16,37,40,Night,3,7,5,5
396,45,Other,United States,driver,Urban,Facebook,34,6,5,18,Evening,6,4,8,2
397,51,Female,Philippines,Waiting staff,Rural,YouTube,82,3,39,67,Night,3,7,5,5
398,19,Other,India,Labor/Worker,Rural,Facebook,138,2,9,62,Night,3,7,5,5
399,49,Other,Vietnam,Waiting staff,Rural,Facebook,96,20,7,10,Morning,8,2,10,0
400,40,Male,India,Labor/Worker,Rural,Instagram,162,5,41,52,Morning,8,2,10,0
401,39,Male,Vietnam,Students,Rural,Facebook,191,11,20,73,Afternoon,5,5,7,3
402,42,Female,United States,driver,Rural,TikTok,134,26,10,46,Afternoon,5,5,7,3
403,39,Female,Vietnam,Students,Urban,YouTube,76,25,26,55,Afternoon,5,5,7,3
404,39,Female,Germany,Engineer,Rural,Facebook,15,3,4,46,Afternoon,5,5,7,3
405,59,Male,United States,Students,Urban,YouTube,134,3,38,75,Evening,6,4,8,2
406,23,Male,Mexico,Engineer,Rural,YouTube,62,22,24,60,Morning,8,2,10,0
407,32,Female,Indonesia,driver,Rural,YouTube,75,5,14,97,Evening,6,4,8,2
408,60,Male,Mexico,Cashier,Rural,Facebook,91,22,41,26,Night,3,7,5,5
409,54,Male,India,driver,Rural,Facebook,96,23,1,27,Evening,6,4,8,2
410,50,Other,India,Engineer,Urban,YouTube,11,11,17,38,Night,3,7,5,5
411,25,Male,Indonesia,Waiting staff,Rural,TikTok,213,3,45,22,Night,3,7,5,5
412,61,Male,Vietnam,Students,Urban,YouTube,159,13,24,26,Morning,8,2,10,0
413,61,Male,Philippines,Waiting staff,Rural,TikTok,112,21,27,86,Afternoon,5,5,7,3
414,22,Female,Pakistan,Students,Urban,YouTube,33,8,7,69,Evening,6,4,8,2
415,56,Male,India,Waiting staff,Rural,Instagram,221,20,9,35,Morning,8,2,10,0
416,21,Female,Indonesia,Manager,Rural,YouTube,74,10,43,66,Night,3,7,5,5
417,23,Female,Indonesia,Students,Urban,YouTube,218,2,35,99,Evening,6,4,8,2
418,62,Male,India,Teacher,Rural,Facebook,260,4,12,73,Afternoon,5,5,7,3
419,49,Male,Barzil,Labor/Worker,Urban,TikTok,126,18,21,51,Night,3,7,5,5
420,47,Male,Vietnam,Students,Urban,Instagram,125,19,3,18,Morning,8,2,10,0
421,64,Male,India,Students,Urban,TikTok,246,4,15,43,Evening,6,4,8,2
422,52,Male,Indonesia,Engineer,Rural,Instagram,114,20,21,12,Morning,8,2,10,0
423,57,Male,India,Waiting staff,Rural,YouTube,268,26,10,3,Night,3,7,5,5
424,33,Male,India,Waiting staff,Rural,Facebook,55,9,33,82,Evening,6,4,8,2
425,30,Male,India,Waiting staff,Rural,Facebook,225,16,46,7,Evening,6,4,8,2
426,59,Female,Barzil,Artist,Urban,TikTok,33,26,6,97,Night,3,7,5,5
427,47,Male,United States,Waiting staff,Rural,Facebook,44,6,2,6,Evening,6,4,8,2
428,36,Male,Mexico,Engineer,Rural,TikTok,33,25,29,82,Evening,6,4,8,2
429,34,Male,Indonesia,Teacher,Urban,TikTok,37,4,40,45,Evening,6,4,8,2
430,36,Female,Vietnam,Artist,Rural,Instagram,25,9,33,86,Evening,6,4,8,2
431,45,Male,Pakistan,Labor/Worker,Rural,TikTok,68,27,4,39,Night,3,7,5,5
432,43,Female,United States,Students,Rural,Instagram,252,13,4,51,Evening,6,4,8,2
433,54,Female,United States,Waiting staff,Urban,Facebook,216,9,29,9,Afternoon,5,5,7,3
434,43,Male,Philippines,Students,Rural,TikTok,280,6,37,99,Night,3,7,5,5
435,40,Other,Philippines,Engineer,Rural,TikTok,258,21,20,23,Evening,6,4,8,2
436,26,Other,Japan,Students,Rural,YouTube,276,19,41,12,Morning,8,2,10,0
437,29,Female,Barzil,Labor/Worker,Urban,TikTok,202,14,23,88,Night,3,7,5,5
438,18,Female,Pakistan,Students,Urban,TikTok,227,21,45,62,Afternoon,6,4,8,2
439,18,Male,Japan,Students,Rural,YouTube,124,15,18,73,Evening,7,3,9,1
440,64,Male,Barzil,Cashier,Rural,YouTube,77,3,49,77,Night,2,8,4,6
441,51,Female,Vietnam,Cashier,Urban,Facebook,84,5,25,40,Night,2,8,4,6
442,49,Male,India,Labor/Worker,Rural,TikTok,112,21,1,54,Evening,7,3,9,1
443,42,Male,Vietnam,driver,Rural,Facebook,187,18,15,81,Morning,9,1,10,0
444,57,Male,Mexico,Manager,Rural,Facebook,224,14,34,7,Evening,7,3,9,1
445,62,Male,United States,Students,Rural,YouTube,48,16,48,17,Evening,7,3,9,1
446,18,Male,India,Waiting staff,Rural,Instagram,268,14,20,50,Night,2,8,4,6
447,33,Female,Philippines,Labor/Worker,Rural,Facebook,213,9,37,24,Morning,9,1,10,0
448,56,Male,Barzil,Engineer,Rural,Instagram,16,15,27,2,Evening,7,3,9,1
449,22,Male,Vietnam,Labor/Worker,Urban,TikTok,58,7,22,99,Night,2,8,4,6
450,39,Female,India,driver,Urban,YouTube,35,14,5,92,Evening,7,3,9,1
451,46,Other,Mexico,driver,Urban,TikTok,170,6,34,83,Afternoon,6,4,8,2
452,20,Male,Indonesia,Waiting staff,Rural,TikTok,185,21,39,33,Evening,7,3,9,1
453,29,Male,United States,driver,Urban,YouTube,88,15,3,21,Evening,7,3,9,1
454,43,Male,United States,Manager,Rural,TikTok,11,20,17,74,Evening,7,3,9,1
455,33,Male,Mexico,driver,Rural,YouTube,141,8,24,53,Night,2,8,4,6
456,54,Other,Mexico,Labor/Worker,Rural,Instagram,285,2,24,46,Afternoon,6,4,8,2
457,39,Other,Vietnam,Labor/Worker,Urban,TikTok,126,8,3,45,Evening,7,3,9,1
458,46,Male,India,Waiting staff,Rural,YouTube,173,1,45,9,Evening,7,3,9,1
459,31,Female,Japan,Manager,Rural,Facebook,297,26,7,6,Afternoon,6,4,8,2
460,45,Male,United States,Students,Rural,TikTok,37,17,25,51,Afternoon,6,4,8,2
461,22,Female,United States,Labor/Worker,Rural,Instagram,10,19,3,35,Afternoon,6,4,8,2
462,64,Male,Indonesia,Labor/Worker,Rural,YouTube,197,5,15,82,Afternoon,6,4,8,2
463,47,Female,Indonesia,Labor/Worker,Rural,TikTok,65,22,29,53,Morning,9,1,10,0
464,63,Male,India,Engineer,Rural,TikTok,44,20,29,19,Afternoon,6,4,8,2
465,22,Male,Mexico,Labor/Worker,Urban,TikTok,121,16,10,69,Night,2,8,4,6
466,29,Female,Barzil,Waiting staff,Rural,Instagram,295,7,32,25,Evening,7,3,9,1
467,33,Female,India,driver,Rural,YouTube,45,7,23,11,Afternoon,6,4,8,2
468,43,Male,United States,Students,Rural,Facebook,226,18,39,74,Evening,7,3,9,1
469,43,Female,Vietnam,Manager,Rural,Facebook,89,18,9,17,Morning,9,1,10,0
470,38,Male,Indonesia,Students,Rural,Facebook,92,2,37,36,Night,2,8,4,6
471,56,Other,United States,driver,Urban,YouTube,74,15,40,90,Morning,9,1,10,0
472,53,Female,India,Students,Urban,Facebook,137,14,14,95,Night,2,8,4,6
473,50,Other,Philippines,Labor/Worker,Rural,Instagram,31,18,4,96,Night,2,8,4,6
474,47,Male,United States,Students,Rural,YouTube,225,29,20,21,Afternoon,6,4,8,2
475,54,Male,India,Manager,Rural,TikTok,116,9,28,18,Morning,9,1,10,0
476,40,Male,Barzil,Manager,Rural,Instagram,118,14,14,60,Night,2,8,4,6
477,27,Female,India,driver,Rural,TikTok,190,5,44,18,Morning,9,1,10,0
478,22,Male,Philippines,driver,Urban,Facebook,173,11,34,1,Afternoon,6,4,8,2
479,53,Male,India,Students,Urban,Instagram,77,8,13,14,Evening,7,3,9,1
480,51,Female,Japan,driver,Urban,YouTube,189,5,31,8,Evening,7,3,9,1
481,48,Other,United States,Labor/Worker,Rural,Instagram,190,29,33,66,Night,2,8,4,6
482,27,Female,India,Labor/Worker,Rural,TikTok,178,11,39,51,Morning,9,1,10,0
483,36,Male,Germany,Waiting staff,Urban,YouTube,31,5,28,79,Night,2,8,4,6
484,49,Female,Japan,Artist,Rural,Instagram,75,17,25,60,Afternoon,6,4,8,2
485,18,Male,Japan,Waiting staff,Rural,Instagram,30,22,32,34,Evening,7,3,9,1
486,22,Female,India,Labor/Worker,Rural,Instagram,109,4,9,36,Evening,7,3,9,1
487,62,Male,Germany,Waiting staff,Urban,Instagram,112,15,28,62,Night,2,8,4,6
488,21,Other,India,Labor/Worker,Rural,YouTube,56,19,31,1,Afternoon,6,4,8,2
489,33,Male,United States,Waiting staff,Urban,TikTok,48,22,17,85,Evening,7,3,9,1
490,41,Female,Barzil,Students,Rural,Instagram,294,2,23,42,Evening,7,3,9,1
491,33,Female,Pakistan,driver,Urban,YouTube,99,24,13,1,Evening,7,3,9,1
492,19,Male,United States,Students,Rural,TikTok,94,17,10,96,Evening,7,3,9,1
493,45,Female,India,Students,Rural,Instagram,282,12,16,84,Night,2,8,4,6
494,49,Male,Barzil,Students,Rural,TikTok,197,25,6,54,Night,2,8,4,6
495,44,Male,Indonesia,Labor/Worker,Rural,TikTok,168,24,48,47,Afternoon,6,4,8,2
496,37,Male,India,Waiting staff,Rural,YouTube,252,17,11,39,Night,2,8,4,6
497,41,Female,Indonesia,Engineer,Urban,TikTok,82,10,3,30,Night,2,8,4,6
498,29,Female,Germany,driver,Urban,YouTube,58,28,28,7,Night,2,8,4,6
499,52,Male,Indonesia,Artist,Rural,Instagram,110,25,41,22,Morning,9,1,10,0
500,50,Female,Vietnam,Waiting staff,Rural,TikTok,11,18,15,50,Morning,9,1,10,0
501,50,Male,United States,driver,Urban,TikTok,253,19,13,45,Night,2,8,4,6
502,60,Other,United States,Students,Rural,Facebook,185,18,42,74,Morning,9,1,10,0
503,54,Male,Pakistan,Students,Urban,Instagram,247,13,45,72,Evening,7,3,9,1
504,29,Male,Vietnam,Students,Rural,Instagram,68,14,17,91,Morning,9,1,10,0
505,20,Female,India,Waiting staff,Urban,Facebook,108,24,7,10,Afternoon,6,4,8,2
506,18,Male,Pakistan,Manager,Rural,Facebook,11,16,28,14,Afternoon,6,4,8,2
507,50,Male,Indonesia,Labor/Worker,Rural,YouTube,252,18,38,46,Evening,7,3,9,1
508,57,Female,India,Students,Rural,YouTube,220,26,13,75,Evening,7,3,9,1
509,27,Female,Philippines,Labor/Worker,Rural,TikTok,132,18,17,6,Afternoon,6,4,8,2
510,60,Other,India,Labor/Worker,Rural,TikTok,238,16,15,21,Night,2,8,4,6
511,61,Female,Mexico,Labor/Worker,Rural,TikTok,91,17,36,62,Night,2,8,4,6
512,46,Male,Pakistan,Students,Urban,TikTok,153,7,28,97,Afternoon,6,4,8,2
513,30,Female,Indonesia,Engineer,Rural,YouTube,149,12,15,19,Morning,9,1,10,0
514,29,Female,India,Labor/Worker,Urban,Instagram,38,2,46,88,Night,2,8,4,6
515,48,Other,Barzil,Labor/Worker,Rural,TikTok,279,10,11,82,Afternoon,6,4,8,2
516,63,Male,United States,Students,Rural,Instagram,256,5,31,99,Evening,7,3,9,1
517,19,Male,Japan,Waiting staff,Urban,TikTok,21,21,4,62,Afternoon,6,4,8,2
518,52,Male,United States,Waiting staff,Urban,Facebook,115,3,35,83,Morning,9,1,10,0
519,40,Female,India,Students,Rural,TikTok,41,19,34,53,Morning,9,1,10,0
520,34,Male,India,Students,Urban,TikTok,83,13,27,24,Afternoon,6,4,8,2
521,43,Male,Germany,Engineer,Rural,TikTok,180,12,10,56,Night,2,8,4,6
522,25,Other,India,Labor/Worker,Rural,YouTube,78,3,30,62,Evening,7,3,9,1
523,46,Female,India,Waiting staff,Urban,Facebook,146,6,45,34,Afternoon,6,4,8,2
524,43,Male,India,Teacher,Rural,TikTok,109,14,20,22,Evening,7,3,9,1
525,27,Other,United States,Artist,Urban,TikTok,155,4,29,68,Afternoon,6,4,8,2
526,43,Male,India,Waiting staff,Rural,Instagram,18,13,29,57,Morning,9,1,10,0
527,51,Male,Pakistan,Students,Rural,Facebook,71,19,23,10,Afternoon,6,4,8,2
528,58,Other,Japan,Engineer,Rural,TikTok,194,18,21,66,Evening,7,3,9,1
529,24,Male,India,Artist,Urban,Instagram,38,29,48,8,Night,2,8,4,6
530,21,Female,Japan,Waiting staff,Rural,Instagram,123,3,43,97,Night,2,8,4,6
531,62,Male,Philippines,Artist,Rural,YouTube,152,20,10,38,Night,2,8,4,6
532,28,Female,Indonesia,Cashier,Rural,Instagram,129,6,41,62,Evening,7,3,9,1
533,46,Male,India,Labor/Worker,Rural,TikTok,179,16,12,28,Night,2,8,4,6
534,53,Female,United States,Students,Rural,YouTube,166,20,30,10,Night,2,8,4,6
535,42,Other,India,Cashier,Rural,YouTube,269,24,33,45,Night,2,8,4,6
536,38,Male,Indonesia,Manager,Rural,TikTok,91,3,18,65,Night,2,8,4,6
537,53,Female,Philippines,driver,Rural,Facebook,251,12,14,98,Evening,7,3,9,1
538,27,Male,United States,driver,Rural,Instagram,181,19,22,67,Night,2,8,4,6
539,54,Male,India,Students,Rural,YouTube,240,19,21,9,Evening,7,3,9,1
540,26,Other,India,Artist,Rural,Facebook,217,24,1,5,Evening,7,3,9,1
541,41,Male,Japan,Students,Urban,TikTok,84,4,49,10,Evening,7,3,9,1
542,52,Male,Indonesia,Waiting staff,Rural,Instagram,279,1,43,12,Night,2,8,4,6
543,52,Male,Japan,Waiting staff,Urban,Instagram,123,2,15,82,Night,2,8,4,6
544,53,Other,Philippines,Students,Rural,YouTube,71,13,36,58,Night,2,8,4,6
545,35,Other,United States,Manager,Rural,Instagram,111,26,47,21,Afternoon,6,4,8,2
546,56,Female,India,Labor/Worker,Rural,Instagram,219,29,22,21,Afternoon,6,4,8,2
547,49,Female,Mexico,Waiting staff,Urban,Instagram,264,13,32,65,Evening,7,3,9,1
548,41,Female,United States,Students,Rural,Instagram,29,2,46,3,Evening,7,3,9,1
549,40,Other,India,Manager,Rural,TikTok,67,19,33,69,Evening,7,3,9,1
550,49,Male,United States,Cashier,Urban,Facebook,121,22,41,89,Night,3,7,5,5
551,54,Male,Japan,driver,Rural,TikTok,205,24,39,64,Night,3,7,5,5
552,29,Male,United States,Labor/Worker,Rural,TikTok,101,16,23,49,Afternoon,6,4,8,2
553,30,Male,Philippines,Engineer,Rural,YouTube,61,12,43,72,Night,3,7,5,5
554,40,Other,Vietnam,Teacher,Rural,Instagram,17,1,2,17,Evening,7,3,9,1
555,42,Male,Vietnam,Students,Rural,TikTok,107,9,2,73,Afternoon,6,4,8,2
556,52,Male,Vietnam,Cashier,Urban,Instagram,245,17,38,32,Evening,7,3,9,1
557,58,Male,Philippines,Manager,Urban,TikTok,78,10,29,70,Evening,7,3,9,1
558,47,Female,United States,Labor/Worker,Rural,TikTok,54,18,46,21,Evening,7,3,9,1
559,34,Female,India,Students,Urban,YouTube,146,19,3,7,Evening,7,3,9,1
560,37,Male,Philippines,Cashier,Urban,Facebook,243,7,39,7,Morning,9,1,10,0
561,42,Female,Vietnam,Waiting staff,Rural,Facebook,41,25,7,27,Night,3,7,5,5
562,39,Male,Indonesia,Waiting staff,Rural,TikTok,298,19,36,8,Night,3,7,5,5
563,30,Male,Philippines,driver,Rural,YouTube,135,24,29,73,Afternoon,6,4,8,2
564,36,Male,Germany,Students,Rural,Instagram,76,15,37,28,Evening,7,3,9,1
565,53,Male,India,Students,Rural,Instagram,39,9,49,79,Evening,7,3,9,1
566,29,Female,Vietnam,driver,Rural,TikTok,123,10,36,66,Night,3,7,5,5
567,58,Other,Barzil,Teacher,Rural,Facebook,213,23,23,71,Evening,5,5,7,3
568,36,Other,India,Students,Rural,YouTube,38,20,45,47,Evening,5,5,7,3
569,29,Male,India,Manager,Rural,Facebook,140,20,16,82,Evening,5,5,7,3
570,26,Other,United States,Students,Rural,Instagram,194,4,48,86,Night,1,9,3,7
571,24,Male,India,Students,Rural,Facebook,262,6,31,10,Night,1,9,3,7
572,45,Female,India,Labor/Worker,Rural,Instagram,295,4,34,33,Night,1,9,3,7
573,31,Male,Pakistan,Waiting staff,Rural,YouTube,71,5,1,7,Evening,5,5,7,3
574,48,Female,Japan,Waiting staff,Rural,YouTube,12,9,18,3,Night,1,9,3,7
575,36,Female,India,Cashier,Urban,TikTok,77,12,40,14,Afternoon,4,6,6,4
576,64,Male,Germany,Students,Rural,TikTok,34,23,43,44,Night,1,9,3,7
577,33,Female,India,Teacher,Rural,Facebook,188,8,15,46,Afternoon,4,6,6,4
578,22,Male,Philippines,Waiting staff,Rural,YouTube,150,21,48,61,Evening,5,5,7,3
579,52,Other,Mexico,Labor/Worker,Rural,YouTube,240,5,49,36,Evening,5,5,7,3
580,29,Male,Japan,Students,Rural,TikTok,172,29,17,13,Evening,5,5,7,3
581,42,Male,Barzil,driver,Rural,Instagram,139,11,44,16,Evening,5,5,7,3
582,38,Male,India,driver,Rural,Facebook,255,23,10,80,Night,1,9,3,7
583,53,Other,Japan,Teacher,Rural,Facebook,181,11,20,5,Morning,7,3,9,1
584,40,Female,India,Teacher,Rural,TikTok,73,13,6,89,Night,1,9,3,7
585,33,Male,United States,Cashier,Rural,YouTube,40,14,8,38,Evening,5,5,7,3
586,56,Female,Japan,Labor/Worker,Rural,TikTok,56,28,45,50,Morning,7,3,9,1
587,62,Male,Vietnam,Students,Urban,TikTok,139,8,34,38,Night,1,9,3,7
588,59,Female,India,Labor/Worker,Rural,TikTok,119,25,32,56,Evening,5,5,7,3
589,56,Male,Barzil,Students,Rural,TikTok,78,18,42,63,Evening,5,5,7,3
590,31,Male,Vietnam,Waiting staff,Urban,Instagram,67,19,4,48,Night,1,9,3,7
591,48,Female,India,Labor/Worker,Rural,Instagram,115,12,44,90,Night,1,9,3,7
592,22,Male,United States,Labor/Worker,Rural,YouTube,265,12,39,59,Evening,5,5,7,3
593,52,Other,United States,Cashier,Rural,TikTok,180,18,20,77,Night,1,9,3,7
594,40,Male,Barzil,Labor/Worker,Rural,Instagram,171,10,24,44,Afternoon,4,6,6,4
595,46,Male,Mexico,Cashier,Rural,YouTube,295,7,24,90,Evening,5,5,7,3
596,60,Other,India,Labor/Worker,Urban,TikTok,80,28,26,55,Afternoon,4,6,6,4
597,28,Male,United States,Teacher,Rural,Facebook,264,18,25,55,Night,1,9,3,7
598,35,Male,Barzil,Labor/Worker,Rural,Instagram,64,12,36,1,Night,1,9,3,7
599,64,Male,Vietnam,Students,Rural,YouTube,12,14,7,8,Afternoon,4,6,6,4
600,29,Female,United States,Labor/Worker,Rural,Facebook,35,15,10,4,Night,1,9,3,7
601,26,Female,Philippines,Students,Rural,TikTok,135,16,47,85,Morning,7,3,9,1
602,27,Male,United States,Cashier,Rural,TikTok,62,2,12,86,Morning,7,3,9,1
603,61,Male,United States,Students,Urban,TikTok,207,18,1,53,Night,1,9,3,7
604,34,Male,Vietnam,Waiting staff,Urban,Instagram,197,12,25,58,Evening,5,5,7,3
605,55,Female,Indonesia,Waiting staff,Rural,YouTube,195,16,16,37,Night,1,9,3,7
606,24,Male,Barzil,Waiting staff,Rural,Facebook,213,13,5,49,Evening,5,5,7,3
607,63,Female,India,Artist,Rural,YouTube,20,20,19,67,Evening,5,5,7,3
608,30,Female,United States,driver,Rural,Instagram,155,17,4,19,Morning,7,3,9,1
609,57,Other,United States,Students,Rural,YouTube,94,18,6,1,Night,1,9,3,7
610,59,Male,Philippines,Waiting staff,Rural,Instagram,109,3,26,29,Night,1,9,3,7
611,26,Male,India,Cashier,Rural,TikTok,113,23,49,87,Evening,5,5,7,3
612,44,Male,Barzil,driver,Rural,Facebook,55,10,39,33,Afternoon,4,6,6,4
613,19,Other,Germany,Waiting staff,Rural,TikTok,53,1,39,52,Morning,7,3,9,1
614,22,Male,Vietnam,Labor/Worker,Rural,YouTube,287,6,9,41,Afternoon,4,6,6,4
615,46,Male,Indonesia,driver,Rural,TikTok,190,3,45,23,Afternoon,4,6,6,4
616,54,Male,Barzil,driver,Rural,Facebook,196,19,14,5,Evening,5,5,7,3
617,55,Male,United States,Students,Urban,TikTok,123,4,48,71,Night,1,9,3,7
618,36,Female,Philippines,Labor/Worker,Rural,Facebook,264,29,9,57,Evening,5,5,7,3
619,25,Other,Indonesia,Manager,Urban,Facebook,39,20,15,6,Evening,5,5,7,3
620,62,Male,United States,Waiting staff,Urban,TikTok,273,23,37,49,Night,1,9,3,7
621,18,Female,Barzil,Waiting staff,Rural,Instagram,107,3,20,22,Evening,5,5,7,3
622,39,Male,India,Labor/Worker,Rural,YouTube,124,8,8,77,Night,1,9,3,7
623,34,Male,Germany,Labor/Worker,Rural,Instagram,285,8,32,76,Evening,5,5,7,3
624,24,Male,United States,Labor/Worker,Rural,Instagram,290,27,47,4,Afternoon,4,6,6,4
625,42,Male,Indonesia,Cashier,Rural,TikTok,284,29,21,72,Night,1,9,3,7
626,62,Female,Indonesia,Waiting staff,Urban,YouTube,270,7,41,64,Night,1,9,3,7
627,21,Male,United States,Waiting staff,Rural,YouTube,216,2,19,37,Evening,5,5,7,3
628,53,Male,Pakistan,Students,Rural,Instagram,220,21,29,31,Afternoon,4,6,6,4
629,23,Male,Barzil,Artist,Rural,TikTok,224,6,31,37,Evening,5,5,7,3
630,48,Male,Pakistan,Students,Rural,YouTube,49,28,6,45,Afternoon,4,6,6,4
631,36,Female,Mexico,Labor/Worker,Rural,Instagram,35,16,4,90,Morning,7,3,9,1
632,61,Female,Barzil,Engineer,Urban,YouTube,36,10,43,8,Evening,5,5,7,3
633,56,Female,United States,Artist,Rural,TikTok,199,4,29,40,Morning,7,3,9,1
634,44,Male,India,Labor/Worker,Urban,TikTok,92,13,42,97,Afternoon,4,6,6,4
635,27,Male,Philippines,Labor/Worker,Rural,TikTok,179,10,3,93,Afternoon,4,6,6,4
636,43,Male,United States,Engineer,Urban,YouTube,176,21,1,5,Evening,5,5,7,3
637,36,Male,Pakistan,Waiting staff,Rural,Facebook,197,14,44,28,Evening,5,5,7,3
638,56,Male,India,Waiting staff,Rural,YouTube,178,9,15,81,Evening,5,5,7,3
639,20,Female,Philippines,Waiting staff,Rural,Facebook,298,11,47,87,Night,1,9,3,7
640,62,Female,United States,driver,Rural,TikTok,238,23,21,9,Night,1,9,3,7
641,30,Other,United States,driver,Rural,Instagram,106,18,46,2,Afternoon,4,6,6,4
642,45,Male,India,Students,Rural,Facebook,25,11,31,63,Afternoon,4,6,6,4
643,37,Male,United States,Engineer,Rural,TikTok,288,17,7,96,Evening,5,5,7,3
644,45,Female,Philippines,Students,Rural,TikTok,144,2,17,51,Evening,5,5,7,3
645,25,Female,United States,Labor/Worker,Rural,Facebook,35,3,19,31,Evening,5,5,7,3
646,58,Other,India,Students,Rural,Instagram,21,11,39,7,Evening,5,5,7,3
647,56,Male,India,Labor/Worker,Rural,TikTok,81,18,3,30,Afternoon,4,6,6,4
648,18,Female,India,Waiting staff,Rural,Facebook,142,27,30,58,Night,1,9,3,7
649,20,Male,Vietnam,Students,Urban,Instagram,115,3,35,3,Evening,5,5,7,3
650,30,Female,Germany,Labor/Worker,Rural,Instagram,229,26,29,51,Night,1,9,3,7
651,45,Male,United States,Labor/Worker,Rural,TikTok,186,15,14,56,Night,1,9,3,7
652,42,Male,United States,Cashier,Rural,YouTube,291,11,35,73,Afternoon,4,6,6,4
653,50,Male,Barzil,Artist,Rural,YouTube,142,11,28,10,Evening,5,5,7,3
654,55,Female,United States,Waiting staff,Urban,TikTok,31,28,30,61,Night,1,9,3,7
655,23,Male,Pakistan,Students,Rural,Instagram,278,28,26,50,Night,1,9,3,7
656,61,Other,United States,Students,Rural,TikTok,170,25,7,47,Night,1,9,3,7
657,62,Male,India,Labor/Worker,Rural,Facebook,116,20,39,90,Afternoon,4,6,6,4
658,49,Male,United States,Students,Rural,YouTube,288,28,31,1,Night,1,9,3,7
659,62,Female,Vietnam,Labor/Worker,Rural,Facebook,244,25,5,94,Evening,5,5,7,3
660,64,Male,India,Labor/Worker,Rural,TikTok,27,11,35,57,Evening,5,5,7,3
661,38,Female,Mexico,Waiting staff,Rural,TikTok,251,19,47,38,Night,1,9,3,7
662,33,Male,India,Cashier,Rural,Instagram,126,28,14,62,Afternoon,4,6,6,4
663,38,Male,Japan,Students,Rural,Instagram,295,1,36,79,Night,1,9,3,7
664,28,Male,Philippines,Manager,Rural,Instagram,291,27,27,89,Evening,5,5,7,3
665,54,Male,United States,Students,Rural,Facebook,153,5,24,70,Afternoon,4,6,6,4
666,53,Other,Philippines,Students,Rural,Instagram,214,10,40,82,Evening,5,5,7,3
667,52,Male,Indonesia,Labor/Worker,Rural,TikTok,48,10,29,65,Afternoon,4,6,6,4
668,36,Female,Pakistan,driver,Urban,Instagram,163,14,45,62,Afternoon,4,6,6,4
669,37,Male,United States,Students,Urban,YouTube,185,2,22,56,Night,1,9,3,7
670,35,Male,Pakistan,Students,Urban,Instagram,250,4,8,67,Morning,7,3,9,1
671,64,Male,Philippines,Waiting staff,Urban,Facebook,143,2,15,17,Night,1,9,3,7
672,58,Male,India,Students,Rural,YouTube,55,18,49,8,Night,1,9,3,7
673,31,Male,Japan,Waiting staff,Rural,YouTube,59,13,5,60,Morning,7,3,9,1
674,32,Male,India,Waiting staff,Rural,YouTube,175,19,4,40,Evening,5,5,7,3
675,48,Male,Mexico,Students,Rural,Facebook,115,5,11,81,Night,1,9,3,7
676,18,Male,Japan,Labor/Worker,Rural,TikTok,225,20,18,89,Morning,7,3,9,1
677,20,Male,Japan,Students,Rural,Instagram,155,2,42,62,Night,1,9,3,7
678,33,Female,India,Teacher,Rural,YouTube,81,11,49,41,Night,1,9,3,7
679,40,Female,India,Artist,Rural,YouTube,282,26,30,12,Morning,7,3,9,1
680,28,Male,Vietnam,Manager,Rural,YouTube,256,18,15,93,Afternoon,4,6,6,4
681,29,Other,Philippines,Manager,Urban,TikTok,195,6,6,89,Night,1,9,3,7
682,27,Female,India,Labor/Worker,Rural,TikTok,79,23,16,54,Evening,5,5,7,3
683,49,Male,Pakistan,Labor/Worker,Rural,Facebook,159,28,47,89,Afternoon,4,6,6,4
684,33,Male,India,Teacher,Rural,TikTok,255,10,40,93,Morning,7,3,9,1
685,25,Male,Pakistan,Students,Urban,Instagram,271,22,9,11,Evening,5,5,7,3
686,55,Female,Vietnam,driver,Rural,Facebook,35,23,43,60,Night,1,9,3,7
687,29,Male,Mexico,driver,Rural,Facebook,149,17,34,68,Evening,5,5,7,3
688,41,Male,United States,Students,Rural,Instagram,108,22,27,78,Night,1,9,3,7
689,45,Female,Vietnam,Waiting staff,Rural,Instagram,287,11,13,46,Evening,5,5,7,3
690,25,Female,Germany,Students,Rural,Instagram,60,19,36,38,Evening,5,5,7,3
691,45,Male,Barzil,Students,Rural,Facebook,160,17,27,61,Night,1,9,3,7
692,53,Male,India,Waiting staff,Urban,Facebook,113,24,9,17,Morning,7,3,9,1
693,43,Other,Mexico,Students,Rural,Facebook,98,4,5,66,Night,1,9,3,7
694,25,Female,Germany,Waiting staff,Rural,Instagram,150,26,22,72,Afternoon,4,6,6,4
695,45,Female,Indonesia,Cashier,Rural,Instagram,222,24,31,36,Evening,5,5,7,3
696,45,Female,Mexico,Teacher,Urban,YouTube,242,26,3,74,Night,1,9,3,7
697,54,Other,India,Cashier,Urban,TikTok,192,14,30,7,Evening,5,5,7,3
698,58,Male,India,Artist,Rural,YouTube,260,27,21,16,Afternoon,4,6,6,4
699,53,Male,Vietnam,Students,Rural,Instagram,18,20,35,14,Evening,5,5,7,3
700,44,Female,Barzil,Cashier,Rural,Facebook,88,4,6,80,Evening,5,5,7,3
701,34,Female,Mexico,Students,Urban,Instagram,61,28,28,25,Afternoon,4,6,6,4
702,26,Male,Philippines,Students,Urban,TikTok,278,14,32,4,Night,1,9,3,7
703,50,Other,India,Cashier,Rural,YouTube,235,26,42,29,Evening,5,5,7,3
704,37,Male,United States,Students,Rural,YouTube,60,4,37,56,Night,1,9,3,7
705,30,Male,Vietnam,Students,Urban,Facebook,195,6,25,6,Night,1,9,3,7
706,45,Male,India,driver,Rural,YouTube,43,9,32,1,Evening,5,5,7,3
707,46,Male,Barzil,Labor/Worker,Rural,YouTube,239,21,35,39,Evening,5,5,7,3
708,30,Female,United States,Labor/Worker,Urban,Instagram,140,12,22,1,Evening,5,5,7,3
709,63,Female,Mexico,Labor/Worker,Rural,YouTube,129,29,24,63,Night,1,9,3,7
710,52,Male,Philippines,Artist,Rural,YouTube,256,26,39,57,Night,1,9,3,7
711,23,Male,Mexico,Waiting staff,Rural,YouTube,201,8,30,67,Afternoon,4,6,6,4
712,35,Other,Japan,Students,Rural,Facebook,219,24,32,65,Evening,5,5,7,3
713,22,Male,Barzil,Waiting staff,Rural,Facebook,112,4,31,65,Evening,5,5,7,3
714,64,Other,Germany,Students,Rural,Instagram,142,27,23,21,Night,1,9,3,7
715,42,Female,India,Artist,Rural,YouTube,148,26,40,30,Morning,7,3,9,1
716,19,Male,Philippines,Labor/Worker,Rural,Facebook,130,25,33,96,Evening,5,5,7,3
717,27,Female,India,driver,Rural,Facebook,103,25,25,33,Night,1,9,3,7
718,47,Female,Mexico,Waiting staff,Rural,Instagram,138,5,36,48,Morning,7,3,9,1
719,62,Female,India,driver,Rural,TikTok,100,6,24,22,Evening,5,5,7,3
720,22,Other,Mexico,Students,Urban,YouTube,101,5,31,94,Afternoon,4,6,6,4
721,50,Male,India,Waiting staff,Urban,Facebook,72,19,39,54,Evening,5,5,7,3
722,18,Male,United States,Students,Rural,Instagram,38,27,46,4,Afternoon,4,6,6,4
723,35,Other,United States,Labor/Worker,Rural,Instagram,219,8,13,87,Afternoon,4,6,6,4
724,49,Female,United States,Cashier,Urban,Instagram,21,9,10,55,Afternoon,4,6,6,4
725,64,Female,Mexico,Artist,Rural,Facebook,139,15,23,44,Evening,5,5,7,3
726,28,Female,Pakistan,Students,Rural,YouTube,182,4,18,89,Evening,5,5,7,3
727,38,Female,United States,Cashier,Rural,TikTok,217,25,32,12,Night,1,9,3,7
728,43,Female,Germany,Students,Rural,YouTube,33,9,33,81,Afternoon,4,6,6,4
729,42,Male,United States,Waiting staff,Rural,Instagram,108,7,36,79,Afternoon,4,6,6,4
730,39,Male,India,Waiting staff,Rural,Instagram,148,8,28,74,Afternoon,4,6,6,4
731,44,Female,Barzil,Engineer,Rural,TikTok,183,15,16,99,Evening,5,5,7,3
732,30,Other,India,driver,Rural,YouTube,38,19,16,52,Evening,5,5,7,3
733,50,Male,Vietnam,Waiting staff,Rural,Instagram,152,15,18,93,Morning,7,3,9,1
734,51,Female,India,Waiting staff,Rural,Instagram,51,5,8,76,Night,1,9,3,7
735,58,Other,Germany,Waiting staff,Rural,YouTube,217,19,42,65,Evening,5,5,7,3
736,52,Male,Pakistan,Students,Rural,Instagram,201,7,16,65,Afternoon,4,6,6,4
737,18,Other,United States,Waiting staff,Rural,YouTube,169,6,11,10,Evening,5,5,7,3
738,38,Female,United States,Students,Rural,Instagram,73,27,6,18,Afternoon,3,7,5,5
739,23,Male,Indonesia,Cashier,Rural,YouTube,252,19,1,47,Night,9,1,10,0
740,45,Female,Mexico,driver,Rural,TikTok,267,25,12,66,Evening,3,7,5,5
741,34,Female,Pakistan,Students,Rural,Instagram,161,28,38,49,Evening,9,1,10,0
742,22,Other,Indonesia,driver,Rural,TikTok,224,17,28,72,Afternoon,3,7,5,5
743,48,Male,Vietnam,Labor/Worker,Rural,Instagram,175,10,45,22,Evening,3,7,5,5
744,22,Female,India,Students,Rural,Instagram,40,19,17,86,Afternoon,8,2,10,0
745,55,Female,Mexico,Manager,Rural,Facebook,241,11,1,26,Afternoon,6,4,8,2
746,20,Male,Mexico,Cashier,Rural,YouTube,291,15,32,90,Evening,8,2,10,0
747,40,Male,Japan,Cashier,Urban,TikTok,38,10,8,9,Evening,6,4,8,2
748,54,Female,Japan,Engineer,Urban,TikTok,204,11,40,21,Night,8,2,10,0
749,54,Male,India,Students,Rural,TikTok,265,23,43,95,Morning,8,2,10,0
750,27,Female,India,Waiting staff,Rural,YouTube,290,3,46,63,Morning,8,2,10,0
751,27,Male,India,Teacher,Rural,Facebook,96,3,24,6,Evening,6,4,8,2
752,36,Male,India,Cashier,Rural,TikTok,158,18,10,14,Afternoon,8,2,10,0
753,34,Male,United States,Labor/Worker,Urban,YouTube,258,25,47,33,Afternoon,8,2,10,0
754,38,Other,United States,Students,Rural,Instagram,292,11,39,71,Night,9,1,10,0
755,31,Male,Japan,Labor/Worker,Rural,TikTok,207,20,39,24,Morning,6,4,8,2
756,26,Male,Japan,Waiting staff,Rural,TikTok,53,26,10,73,Morning,6,4,8,2
757,63,Female,Japan,driver,Rural,Facebook,37,29,36,75,Afternoon,3,7,5,5
758,18,Female,Pakistan,Waiting staff,Urban,TikTok,26,22,25,87,Evening,8,2,10,0
759,62,Female,Barzil,Teacher,Urban,TikTok,136,18,10,51,Morning,8,2,10,0
760,30,Other,India,Labor/Worker,Urban,Instagram,177,25,19,2,Evening,6,4,8,2
761,21,Female,Pakistan,Students,Rural,YouTube,253,15,46,15,Night,8,2,10,0
762,18,Male,United States,Students,Rural,YouTube,85,7,45,35,Evening,3,7,5,5
763,57,Female,United States,Waiting staff,Rural,Facebook,240,10,15,36,Evening,8,2,10,0
764,49,Male,Vietnam,Engineer,Rural,Instagram,213,21,16,92,Night,8,2,10,0
765,51,Male,Germany,Teacher,Rural,YouTube,257,23,2,39,Afternoon,9,1,10,0
766,45,Male,Mexico,Waiting staff,Urban,Instagram,223,20,29,4,Night,6,4,8,2
767,48,Male,India,Teacher,Urban,YouTube,224,29,4,64,Night,3,7,5,5
768,25,Male,Indonesia,Cashier,Rural,Instagram,167,10,29,74,Afternoon,8,2,10,0
769,56,Male,Philippines,Students,Rural,Facebook,78,13,31,6,Afternoon,8,2,10,0
770,43,Male,United States,Labor/Worker,Rural,TikTok,94,15,17,57,Night,3,7,5,5
771,51,Female,Vietnam,Artist,Rural,Facebook,276,23,10,30,Morning,3,7,5,5
772,20,Female,India,Students,Urban,YouTube,78,18,27,99,Night,6,4,8,2
773,29,Other,Germany,Students,Rural,Facebook,108,23,41,74,Evening,3,7,5,5
774,18,Female,Pakistan,Students,Rural,TikTok,225,4,15,96,Afternoon,6,4,8,2
775,61,Other,India,Students,Rural,Facebook,170,20,44,67,Afternoon,8,2,10,0
776,22,Male,Mexico,Labor/Worker,Urban,YouTube,103,17,31,90,Evening,8,2,10,0
777,47,Male,India,Students,Urban,YouTube,183,28,21,15,Night,9,1,10,0
778,47,Male,Barzil,Labor/Worker,Rural,Facebook,174,3,41,17,Night,3,7,5,5
779,34,Male,Japan,Waiting staff,Rural,TikTok,124,21,46,91,Night,8,2,10,0
780,64,Other,Japan,Students,Rural,Facebook,229,21,45,18,Evening,8,2,10,0
781,40,Female,Mexico,Artist,Rural,TikTok,40,2,26,19,Afternoon,6,4,8,2
782,32,Female,Germany,Cashier,Rural,Instagram,20,4,38,76,Afternoon,3,7,5,5
783,54,Male,Vietnam,Labor/Worker,Rural,TikTok,139,1,36,88,Night,8,2,10,0
784,38,Male,Pakistan,Labor/Worker,Urban,Instagram,114,15,17,69,Morning,6,4,8,2
785,31,Male,Japan,Students,Urban,Facebook,36,25,3,24,Evening,6,4,8,2
786,19,Male,India,driver,Rural,TikTok,236,1,14,91,Evening,8,2,10,0
787,28,Female,Indonesia,Labor/Worker,Urban,Instagram,11,6,49,48,Evening,8,2,10,0
788,56,Other,United States,Students,Rural,Instagram,110,7,13,30,Night,6,4,8,2
789,55,Male,United States,Waiting staff,Rural,Instagram,30,19,41,15,Afternoon,8,2,10,0
790,51,Male,United States,Manager,Urban,YouTube,67,12,27,47,Evening,3,7,5,5
791,55,Male,Vietnam,Students,Rural,Facebook,189,1,1,44,Night,6,4,8,2
792,51,Male,India,Waiting staff,Urban,Instagram,29,7,17,98,Morning,6,4,8,2
793,35,Male,India,Students,Urban,TikTok,264,19,48,27,Evening,3,7,5,5
794,47,Male,Mexico,Labor/Worker,Urban,Instagram,47,13,34,84,Night,3,7,5,5
795,32,Female,United States,Labor/Worker,Rural,YouTube,157,26,14,64,Evening,6,4,8,2
796,44,Female,India,Students,Rural,Facebook,34,12,17,41,Afternoon,6,4,8,2
797,51,Other,Pakistan,Students,Urban,YouTube,130,12,3,96,Night,8,2,10,0
798,55,Female,Barzil,Waiting staff,Rural,YouTube,35,22,34,68,Night,8,2,10,0
799,50,Male,Barzil,Students,Rural,YouTube,178,13,40,5,Morning,6,4,8,2
800,41,Male,India,driver,Rural,TikTok,234,28,25,53,Evening,6,4,8,2
801,32,Male,Vietnam,Manager,Rural,Facebook,10,14,2,8,Afternoon,8,2,10,0
802,47,Male,Japan,Students,Urban,Facebook,270,22,34,22,Evening,8,2,10,0
803,59,Female,India,Waiting staff,Rural,TikTok,22,12,26,7,Night,3,7,5,5
804,34,Female,United States,Labor/Worker,Urban,Facebook,57,20,31,22,Morning,8,2,10,0
805,22,Female,Philippines,Students,Rural,YouTube,103,12,9,46,Evening,6,4,8,2
806,46,Male,United States,Students,Rural,Facebook,270,27,30,30,Evening,3,7,5,5
807,21,Female,Mexico,Engineer,Rural,TikTok,287,6,20,16,Afternoon,8,2,10,0
808,27,Other,Mexico,Labor/Worker,Rural,YouTube,214,27,21,79,Evening,3,7,5,5
809,34,Male,Barzil,Artist,Rural,TikTok,194,10,29,5,Evening,3,7,5,5
810,27,Male,Barzil,Labor/Worker,Urban,Instagram,184,20,25,67,Evening,3,7,5,5
811,34,Male,Vietnam,Manager,Rural,YouTube,78,29,38,23,Evening,3,7,5,5
812,37,Male,Germany,Waiting staff,Rural,YouTube,113,24,44,61,Evening,6,4,8,2
813,41,Male,Indonesia,Labor/Worker,Rural,Facebook,255,9,25,74,Night,8,2,10,0
814,22,Other,Indonesia,driver,Rural,YouTube,170,2,9,5,Evening,3,7,5,5
815,51,Female,Germany,Waiting staff,Urban,TikTok,209,7,39,23,Evening,8,2,10,0
816,23,Female,Japan,Labor/Worker,Rural,Facebook,225,9,44,79,Evening,6,4,8,2
817,19,Male,Indonesia,Artist,Urban,Instagram,221,25,26,82,Night,8,2,10,0
818,30,Male,Vietnam,Labor/Worker,Urban,TikTok,25,12,37,25,Afternoon,6,4,8,2
819,60,Female,Philippines,Labor/Worker,Urban,Instagram,214,5,16,8,Morning,3,7,5,5
820,60,Male,Philippines,Waiting staff,Rural,Instagram,48,1,37,95,Night,3,7,5,5
821,28,Female,India,driver,Rural,Instagram,98,22,12,21,Afternoon,3,7,5,5
822,64,Female,India,Teacher,Rural,YouTube,265,15,24,2,Afternoon,3,7,5,5
823,40,Male,Philippines,Labor/Worker,Rural,TikTok,263,8,26,22,Night,3,7,5,5
824,33,Female,United States,Waiting staff,Urban,TikTok,225,1,20,72,Afternoon,3,7,5,5
825,48,Other,United States,Students,Urban,YouTube,181,18,9,87,Evening,6,4,8,2
826,28,Male,Germany,Students,Rural,Facebook,146,13,23,96,Night,3,7,5,5
827,33,Other,India,Waiting staff,Urban,Instagram,187,29,39,72,Evening,3,7,5,5
828,25,Other,India,Engineer,Urban,TikTok,86,1,29,68,Evening,3,7,5,5
829,21,Male,Barzil,Labor/Worker,Rural,YouTube,197,5,31,64,Night,8,2,10,0
830,57,Other,Mexico,Labor/Worker,Urban,Instagram,24,18,19,94,Afternoon,9,1,10,0
831,21,Female,Vietnam,Waiting staff,Rural,Facebook,223,16,20,19,Afternoon,8,2,10,0
832,42,Female,Philippines,Students,Urban,Facebook,217,26,23,87,Night,6,4,8,2
833,20,Female,Indonesia,Students,Rural,Instagram,178,10,43,82,Night,3,7,5,5
834,49,Male,Germany,driver,Rural,Facebook,289,4,27,53,Evening,8,2,10,0
835,20,Other,United States,Labor/Worker,Rural,TikTok,155,1,30,93,Evening,6,4,8,2
836,44,Male,Philippines,Engineer,Rural,TikTok,272,23,21,87,Night,3,7,5,5
837,46,Female,India,Waiting staff,Rural,TikTok,13,8,44,97,Morning,3,7,5,5
838,49,Other,Mexico,Students,Rural,Facebook,99,5,35,52,Evening,3,7,5,5
839,36,Other,India,Students,Rural,TikTok,69,2,49,47,Night,3,7,5,5
840,38,Male,Indonesia,Teacher,Rural,YouTube,25,24,7,82,Evening,8,2,10,0
841,22,Male,India,Manager,Urban,TikTok,236,17,22,54,Evening,3,7,5,5
842,35,Female,Barzil,Students,Rural,TikTok,38,7,10,44,Morning,3,7,5,5
843,45,Male,Philippines,Waiting staff,Rural,Facebook,160,17,23,97,Afternoon,8,2,10,0
844,59,Male,Barzil,Students,Rural,TikTok,254,28,15,7,Evening,3,7,5,5
845,39,Male,Vietnam,Engineer,Urban,Instagram,279,6,30,92,Night,3,7,5,5
846,38,Male,Japan,Students,Rural,YouTube,88,29,34,1,Evening,8,2,10,0
847,23,Female,United States,Waiting staff,Rural,Facebook,298,22,13,63,Evening,8,2,10,0
848,18,Other,Mexico,Waiting staff,Urban,YouTube,162,15,4,98,Morning,8,2,10,0
849,22,Female,Pakistan,Artist,Rural,Instagram,286,5,18,39,Night,3,7,5,5
850,58,Other,Pakistan,Labor/Worker,Urban,Facebook,288,15,23,19,Evening,3,7,5,5
851,29,Other,Mexico,Waiting staff,Urban,Facebook,66,18,33,31,Afternoon,8,2,10,0
852,43,Male,India,Labor/Worker,Rural,TikTok,195,18,34,77,Morning,8,2,10,0
853,63,Male,Vietnam,Students,Rural,YouTube,102,25,34,24,Afternoon,8,2,10,0
854,51,Male,United States,Labor/Worker,Rural,Instagram,285,21,36,69,Afternoon,3,7,5,5
855,31,Male,India,Students,Urban,Instagram,167,21,35,87,Night,3,7,5,5
856,43,Female,India,Students,Rural,Facebook,284,23,17,83,Morning,3,7,5,5
857,62,Other,United States,Labor/Worker,Rural,TikTok,190,6,28,65,Night,8,2,10,0
858,44,Male,Mexico,Students,Rural,Facebook,86,2,14,33,Morning,8,2,10,0
859,26,Male,India,driver,Rural,Facebook,160,27,34,59,Evening,3,7,5,5
860,43,Other,Pakistan,Students,Rural,Facebook,247,17,48,33,Evening,8,2,10,0
861,64,Male,India,Manager,Urban,Facebook,298,21,11,32,Morning,3,7,5,5
862,39,Male,Germany,Engineer,Rural,Instagram,240,4,13,59,Night,3,7,5,5
863,64,Male,Japan,Labor/Worker,Rural,Instagram,27,12,33,92,Night,6,4,8,2
864,47,Female,Pakistan,Students,Urban,Facebook,82,19,2,41,Afternoon,8,2,10,0
865,60,Male,United States,Students,Rural,Facebook,198,2,34,12,Evening,8,2,10,0
866,34,Other,Barzil,Students,Rural,TikTok,26,26,29,73,Evening,3,7,5,5
867,43,Other,Germany,Students,Rural,Facebook,28,2,37,11,Night,3,7,5,5
868,53,Other,Germany,Waiting staff,Rural,Instagram,228,14,4,97,Evening,6,4,8,2
869,18,Female,India,Waiting staff,Rural,YouTube,129,15,12,19,Night,6,4,8,2
870,25,Female,Japan,Waiting staff,Rural,Instagram,110,20,26,54,Night,8,2,10,0
871,52,Male,Philippines,Teacher,Rural,TikTok,43,2,28,57,Night,3,7,5,5
872,32,Female,Japan,Artist,Rural,Instagram,93,4,3,42,Evening,3,7,5,5
873,64,Female,United States,Students,Rural,YouTube,205,19,20,98,Afternoon,9,1,10,0
874,39,Female,United States,Manager,Rural,Facebook,211,9,10,71,Afternoon,6,4,8,2
875,31,Male,Indonesia,Waiting staff,Rural,YouTube,20,7,18,31,Evening,6,4,8,2
876,43,Female,Pakistan,Waiting staff,Rural,Facebook,227,13,27,52,Night,8,2,10,0
877,45,Male,Pakistan,Waiting staff,Urban,Facebook,262,27,31,2,Afternoon,8,2,10,0
878,40,Male,Pakistan,Waiting staff,Urban,Instagram,231,12,27,83,Evening,3,7,5,5
879,31,Male,Indonesia,Labor/Worker,Rural,Instagram,89,3,42,38,Afternoon,9,1,10,0
880,41,Male,Vietnam,Waiting staff,Rural,Instagram,16,13,1,32,Morning,8,2,10,0
881,19,Other,India,Waiting staff,Rural,TikTok,281,15,6,10,Night,3,7,5,5
882,62,Male,Japan,Engineer,Urban,Instagram,236,14,11,8,Evening,9,1,10,0
883,43,Male,India,Engineer,Urban,TikTok,25,24,34,90,Afternoon,8,2,10,0
884,31,Female,United States,Cashier,Urban,Instagram,21,9,39,94,Night,8,2,10,0
885,24,Female,Japan,Labor/Worker,Rural,Facebook,250,13,20,75,Evening,6,4,8,2
886,20,Other,United States,Waiting staff,Rural,TikTok,30,23,21,20,Afternoon,3,7,5,5
887,64,Female,Germany,Waiting staff,Urban,YouTube,187,22,21,20,Morning,8,2,10,0
888,40,Other,India,Teacher,Rural,TikTok,237,4,18,9,Evening,6,4,8,2
889,63,Female,Barzil,Labor/Worker,Urban,TikTok,282,21,21,72,Evening,3,7,5,5
890,60,Other,Indonesia,Artist,Rural,YouTube,297,8,19,15,Afternoon,6,4,8,2
891,64,Female,Mexico,Waiting staff,Rural,TikTok,143,3,4,98,Afternoon,3,7,5,5
892,62,Female,India,Labor/Worker,Rural,Facebook,292,2,13,88,Night,3,7,5,5
893,35,Female,United States,Labor/Worker,Rural,Instagram,162,19,18,97,Evening,8,2,10,0
894,55,Female,Pakistan,Waiting staff,Rural,YouTube,75,28,29,63,Evening,8,2,10,0
895,52,Female,United States,Cashier,Rural,Instagram,146,23,25,91,Night,6,4,8,2
896,32,Male,Philippines,Waiting staff,Rural,Facebook,101,8,13,21,Afternoon,6,4,8,2
897,42,Male,United States,Manager,Rural,YouTube,268,17,27,5,Afternoon,3,7,5,5
898,54,Male,United States,Students,Rural,Instagram,112,13,19,35,Night,8,2,10,0
899,45,Male,Pakistan,Waiting staff,Rural,Instagram,64,7,49,85,Afternoon,8,2,10,0
900,27,Male,Mexico,Manager,Rural,Facebook,266,9,1,68,Evening,6,4,8,2
901,56,Other,Indonesia,Labor/Worker,Rural,Instagram,110,12,38,48,Evening,8,2,10,0
902,34,Male,India,Manager,Rural,Facebook,207,29,19,80,Morning,8,2,7,3
903,56,Other,Pakistan,driver,Rural,TikTok,235,14,1,95,Morning,6,4,8,2
904,39,Male,United States,Cashier,Rural,Facebook,246,14,40,90,Evening,6,4,8,2
905,43,Male,Indonesia,Students,Rural,TikTok,35,15,17,62,Afternoon,6,4,8,2
906,61,Female,United States,Students,Rural,YouTube,130,3,21,35,Morning,3,7,5,5
907,42,Female,Indonesia,Engineer,Rural,Instagram,191,15,22,70,Night,3,7,5,5
908,34,Female,Mexico,Engineer,Rural,Facebook,208,19,15,97,Afternoon,8,2,10,0
909,30,Female,Barzil,Labor/Worker,Rural,Facebook,264,24,39,21,Morning,3,7,5,5
910,37,Other,United States,Artist,Urban,Instagram,131,20,48,80,Afternoon,8,2,10,0
911,42,Female,Pakistan,Waiting staff,Rural,Instagram,40,14,39,39,Evening,9,1,10,0
912,21,Other,Indonesia,Artist,Rural,YouTube,294,8,32,34,Night,8,2,10,0
913,27,Male,United States,Students,Urban,YouTube,115,5,49,15,Night,6,4,8,2
914,20,Male,Vietnam,Waiting staff,Rural,Facebook,233,19,4,6,Evening,6,4,8,2
915,58,Female,Japan,Manager,Rural,YouTube,282,4,44,66,Morning,8,2,10,0
916,62,Female,Philippines,Labor/Worker,Rural,TikTok,241,14,45,88,Evening,8,2,10,0
917,35,Other,United States,Waiting staff,Urban,YouTube,265,16,32,56,Night,8,2,10,0
918,64,Female,India,Waiting staff,Urban,YouTube,33,20,4,49,Evening,8,2,10,0
919,53,Other,Barzil,Students,Rural,Facebook,118,24,1,92,Evening,3,7,5,5
920,64,Female,Barzil,Labor/Worker,Rural,TikTok,200,6,33,1,Evening,8,2,10,0
921,39,Male,United States,Labor/Worker,Urban,YouTube,34,23,7,65,Night,6,4,8,2
922,51,Male,Philippines,Waiting staff,Rural,TikTok,196,25,9,28,Afternoon,9,1,10,0
923,64,Female,India,Students,Rural,TikTok,297,6,1,20,Evening,9,1,10,0
924,25,Female,Mexico,Waiting staff,Rural,TikTok,125,3,16,48,Evening,9,1,10,0
925,57,Other,United States,driver,Rural,Instagram,46,15,18,72,Night,8,2,10,0
926,61,Male,Pakistan,Artist,Rural,Instagram,291,29,47,65,Evening,8,2,10,0
927,36,Female,Barzil,Labor/Worker,Rural,Instagram,146,3,6,90,Afternoon,8,2,10,0
928,59,Other,United States,Waiting staff,Rural,Instagram,236,11,2,51,Evening,6,4,8,2
929,58,Female,United States,Teacher,Rural,Facebook,191,3,9,43,Evening,8,2,10,0
930,54,Female,Mexico,Waiting staff,Rural,YouTube,95,28,4,49,Night,8,2,10,0
931,23,Male,Mexico,driver,Rural,Instagram,62,10,45,25,Evening,8,2,10,0
932,43,Male,India,Waiting staff,Rural,Facebook,244,18,23,74,Afternoon,3,7,5,5
933,51,Male,India,Labor/Worker,Rural,YouTube,276,1,43,76,Afternoon,9,1,10,0
934,62,Male,India,Students,Rural,Instagram,296,16,45,41,Evening,8,2,10,0
935,23,Female,Vietnam,Students,Rural,YouTube,109,16,43,71,Afternoon,8,2,10,0
936,54,Male,Vietnam,Labor/Worker,Urban,Instagram,96,27,8,64,Night,9,1,10,0
937,50,Other,India,Labor/Worker,Rural,Facebook,24,10,39,61,Evening,8,2,10,0
938,39,Female,India,Students,Urban,TikTok,110,1,25,12,Evening,3,7,5,5
939,38,Male,India,driver,Urban,TikTok,174,4,16,81,Afternoon,3,7,5,5
940,23,Male,Indonesia,Students,Rural,YouTube,38,3,35,69,Afternoon,8,2,10,0
941,23,Male,Mexico,Labor/Worker,Rural,Facebook,123,5,17,14,Afternoon,3,7,5,5
942,21,Male,Philippines,Labor/Worker,Rural,TikTok,116,12,18,34,Afternoon,8,2,10,0
943,47,Female,Vietnam,Waiting staff,Rural,Instagram,139,25,27,48,Evening,3,7,5,5
944,28,Female,Pakistan,Labor/Worker,Rural,TikTok,93,12,15,61,Night,8,2,10,0
945,47,Other,Indonesia,Labor/Worker,Rural,YouTube,280,13,17,81,Evening,8,2,10,0
946,48,Female,United States,Manager,Rural,YouTube,253,24,43,35,Afternoon,6,4,8,2
947,41,Male,United States,Cashier,Urban,Facebook,223,12,5,65,Night,8,2,10,0
948,26,Other,India,Labor/Worker,Rural,YouTube,175,25,16,59,Afternoon,8,2,10,0
949,20,Male,Philippines,Manager,Rural,TikTok,288,16,15,36,Evening,8,2,10,0
950,48,Male,United States,Cashier,Rural,TikTok,68,13,42,79,Evening,3,7,5,5
951,57,Male,Barzil,Artist,Rural,TikTok,99,5,46,19,Night,8,2,10,0
952,54,Male,India,driver,Rural,TikTok,203,24,34,42,Night,9,1,10,0
953,53,Female,Barzil,driver,Urban,Facebook,132,4,48,69,Evening,3,7,5,5
954,41,Female,India,driver,Rural,Instagram,145,21,19,19,Night,3,7,5,5
955,48,Male,India,Teacher,Rural,Instagram,148,15,8,39,Evening,3,7,5,5
956,23,Male,United States,Cashier,Rural,Facebook,238,12,47,69,Evening,8,2,10,0
957,19,Male,India,Cashier,Rural,YouTube,283,19,10,52,Evening,6,4,8,2
958,37,Male,Germany,Artist,Urban,Instagram,59,21,5,12,Afternoon,8,2,10,0
959,45,Other,Vietnam,Labor/Worker,Rural,YouTube,127,28,48,83,Morning,8,2,10,0
960,28,Male,Germany,driver,Urban,Instagram,211,19,26,47,Evening,8,2,10,0
961,21,Female,Germany,Manager,Rural,YouTube,200,21,22,76,Afternoon,3,7,5,5
962,32,Male,Japan,Students,Rural,Facebook,190,11,44,36,Afternoon,3,7,5,5
963,23,Other,Vietnam,Students,Urban,TikTok,87,21,23,63,Afternoon,8,2,10,0
964,47,Male,Indonesia,Waiting staff,Rural,YouTube,84,6,13,76,Evening,3,7,5,5
965,55,Female,Philippines,Students,Rural,TikTok,290,9,9,82,Afternoon,3,7,5,5
966,19,Male,India,Students,Rural,YouTube,30,1,49,51,Night,3,7,5,5
967,32,Female,India,driver,Rural,YouTube,180,12,20,43,Night,3,7,5,5
968,28,Male,Indonesia,Students,Rural,YouTube,24,26,28,34,Evening,6,4,8,2
969,25,Female,United States,Waiting staff,Rural,YouTube,220,14,44,97,Morning,8,2,8,2
970,43,Female,United States,Students,Urban,YouTube,57,6,37,49,Night,8,2,10,0
971,62,Female,Germany,Students,Rural,TikTok,95,1,24,18,Night,9,1,10,0
972,61,Other,Indonesia,Artist,Rural,YouTube,158,22,44,61,Evening,3,7,5,5
973,22,Female,Vietnam,driver,Rural,TikTok,197,2,33,57,Night,8,2,10,0
974,23,Female,Germany,Teacher,Urban,Facebook,160,24,20,93,Night,6,4,8,2
975,43,Female,Barzil,Students,Rural,Instagram,150,11,48,5,Night,6,4,8,2
976,21,Male,Japan,Engineer,Rural,YouTube,78,3,30,89,Evening,8,2,10,0
977,36,Male,Pakistan,Students,Rural,Instagram,269,10,44,24,Evening,3,7,5,5
978,37,Male,United States,driver,Rural,TikTok,18,6,9,93,Evening,3,7,5,5
979,50,Female,Japan,Waiting staff,Rural,Facebook,130,6,45,64,Morning,8,2,10,0
980,37,Female,United States,Labor/Worker,Rural,Facebook,110,20,49,59,Evening,3,7,5,5
981,29,Male,Philippines,driver,Rural,Facebook,158,21,17,38,Evening,9,1,10,0
982,64,Female,Pakistan,Labor/Worker,Rural,Instagram,155,2,36,33,Evening,8,2,10,0
983,18,Female,India,Students,Urban,TikTok,252,26,14,10,Afternoon,6,4,8,2
984,43,Female,India,Labor/Worker,Rural,YouTube,250,26,19,37,Evening,6,4,8,2
985,31,Female,Philippines,Students,Rural,YouTube,52,24,7,97,Night,6,4,8,2
986,55,Female,Germany,Students,Rural,TikTok,104,10,3,87,Night,3,7,5,5
987,54,Other,India,driver,Rural,Instagram,235,23,33,11,Night,8,2,10,0
988,28,Female,Indonesia,Artist,Urban,YouTube,15,26,44,24,Evening,6,4,8,2
989,53,Male,Philippines,Labor/Worker,Urban,TikTok,223,6,32,88,Morning,6,4,8,2
990,30,Male,Indonesia,Labor/Worker,Rural,YouTube,215,23,47,71,Evening,6,4,8,2
991,60,Female,India,Labor/Worker,Urban,Facebook,76,28,11,21,Afternoon,3,7,5,5
992,20,Other,Germany,Artist,Urban,YouTube,109,17,42,20,Afternoon,8,2,10,0
993,50,Male,Philippines,Teacher,Rural,Instagram,21,14,2,10,Night,8,2,10,0
994,23,Female,India,Students,Urban,TikTok,246,5,26,89,Night,8,2,10,0
995,27,Male,United States,Waiting staff,Urban,Instagram,267,23,4,47,Night,8,2,10,0
996,22,Male,India,Students,Rural,TikTok,144,17,17,47,Afternoon,9,1,10,0
997,40,Female,Pakistan,Waiting staff,Urban,Facebook,231,2,17,15,Night,8,2,10,0
998,27,Male,India,Waiting staff,Rural,TikTok,165,9,28,44,Night,9,1,10,0
999,61,Male,Pakistan,Students,Urban,YouTube,151,12,30,62,Night,3,7,5,5
1000,19,Male,India,driver,Urban,YouTube,167,19,40,6,Evening,6,4,8,2
